file,publisher,reportDate,sourceUrl,primarySourceUrl,fieldworkEnd,sampleSize,includedInCurrentModel,table,page,party,partyId,seats,rawPct,rawPctUpperBound,maxExclusive,opinionPct,forecastPct,jewish_adults,young,haredi,arab,reportedBound,adult_jewish,youth
c14-1728516.html,חדשות 14,2026-10-07,https://victorchina-ops.github.io/israel-election-simulator/sources/2026-10-07/c14/c14-1728516.html,https://www.c14.co.il/article/1728516,2026-10-07,1100,True,המנדטים והאחוזים שפורסמו — תא ריק משמעו נתון חסר,1,ישר!,yashar,23,,,,,,,,,,,,
c14-1728516.html,חדשות 14,2026-10-07,https://victorchina-ops.github.io/israel-election-simulator/sources/2026-10-07/c14/c14-1728516.html,https://www.c14.co.il/article/1728516,2026-10-07,1100,True,המנדטים והאחוזים שפורסמו — תא ריק משמעו נתון חסר,1,הליכוד,likud,31,,,,,,,,,,,,
c14-1728516.html,חדשות 14,2026-10-07,https://victorchina-ops.github.io/israel-election-simulator/sources/2026-10-07/c14/c14-1728516.html,https://www.c14.co.il/article/1728516,2026-10-07,1100,True,המנדטים והאחוזים שפורסמו — תא ריק משמעו נתון חסר,1,ביחד,beyachad,8,,,,,,,,,,,,
c14-1728516.html,חדשות 14,2026-10-07,https://victorchina-ops.github.io/israel-election-simulator/sources/2026-10-07/c14/c14-1728516.html,https://www.c14.co.il/article/1728516,2026-10-07,1100,True,המנדטים והאחוזים שפורסמו — תא ריק משמעו נתון חסר,1,הדמוקרטים,democrats,9,,,,,,,,,,,,
c14-1728516.html,חדשות 14,2026-10-07,https://victorchina-ops.github.io/israel-election-simulator/sources/2026-10-07/c14/c14-1728516.html,https://www.c14.co.il/article/1728516,2026-10-07,1100,True,המנדטים והאחוזים שפורסמו — תא ריק משמעו נתון חסר,1,ישראל ביתנו,yisrael_beiteinu,5,,,,,,,,,,,,
c14-1728516.html,חדשות 14,2026-10-07,https://victorchina-ops.github.io/israel-election-simulator/sources/2026-10-07/c14/c14-1728516.html,https://www.c14.co.il/article/1728516,2026-10-07,1100,True,המנדטים והאחוזים שפורסמו — תא ריק משמעו נתון חסר,1,יהדות התורה,utj,8,,,,,,,,,,,,
c14-1728516.html,חדשות 14,2026-10-07,https://victorchina-ops.github.io/israel-election-simulator/sources/2026-10-07/c14/c14-1728516.html,https://www.c14.co.il/article/1728516,2026-10-07,1100,True,המנדטים והאחוזים שפורסמו — תא ריק משמעו נתון חסר,1,הרשימה המשותפת,joint,7,,,,,,,,,,,,
c14-1728516.html,חדשות 14,2026-10-07,https://victorchina-ops.github.io/israel-election-simulator/sources/2026-10-07/c14/c14-1728516.html,https://www.c14.co.il/article/1728516,2026-10-07,1100,True,המנדטים והאחוזים שפורסמו — תא ריק משמעו נתון חסר,1,ש״ס,shas,10,,,,,,,,,,,,
c14-1728516.html,חדשות 14,2026-10-07,https://victorchina-ops.github.io/israel-election-simulator/sources/2026-10-07/c14/c14-1728516.html,https://www.c14.co.il/article/1728516,2026-10-07,1100,True,המנדטים והאחוזים שפורסמו — תא ריק משמעו נתון חסר,1,עוצמה יהודית,otzma,8,,,,,,,,,,,,
c14-1728516.html,חדשות 14,2026-10-07,https://victorchina-ops.github.io/israel-election-simulator/sources/2026-10-07/c14/c14-1728516.html,https://www.c14.co.il/article/1728516,2026-10-07,1100,True,המנדטים והאחוזים שפורסמו — תא ריק משמעו נתון חסר,1,הציונות הדתית–זהות,rz_zehut,6,,,,,,,,,,,,
c14-1728516.html,חדשות 14,2026-10-07,https://victorchina-ops.github.io/israel-election-simulator/sources/2026-10-07/c14/c14-1728516.html,https://www.c14.co.il/article/1728516,2026-10-07,1100,True,המנדטים והאחוזים שפורסמו — תא ריק משמעו נתון חסר,1,רע״ם,raam,5,,,,,,,,,,,,
c14-1728516.html,חדשות 14,2026-10-07,https://victorchina-ops.github.io/israel-election-simulator/sources/2026-10-07/c14/c14-1728516.html,https://www.c14.co.il/article/1728516,2026-10-07,1100,True,המנדטים והאחוזים שפורסמו — תא ריק משמעו נתון חסר,1,עמך ישראל,winter,0,2.2,,,,,,,,,,,
c14-1728516.html,חדשות 14,2026-10-07,https://victorchina-ops.github.io/israel-election-simulator/sources/2026-10-07/c14/c14-1728516.html,https://www.c14.co.il/article/1728516,2026-10-07,1100,True,המנדטים והאחוזים שפורסמו — תא ריק משמעו נתון חסר,1,המילואימניקים והכלכלית,hendel,0,1.8,,,,,,,,,,,
c14-1728516.html,חדשות 14,2026-10-07,https://victorchina-ops.github.io/israel-election-simulator/sources/2026-10-07/c14/c14-1728516.html,https://www.c14.co.il/article/1728516,2026-10-07,1100,True,המנדטים והאחוזים שפורסמו — תא ריק משמעו נתון חסר,1,כחול לבן,gantz,0,1.3,,,,,,,,,,,
c14-1728516.html,חדשות 14,2026-10-07,https://victorchina-ops.github.io/israel-election-simulator/sources/2026-10-07/c14/c14-1728516.html,https://www.c14.co.il/article/1728516,2026-10-07,1100,True,המנדטים והאחוזים שפורסמו — תא ריק משמעו נתון חסר,1,נעם לישראל,noam,0,0.9,,,,,,,,,,,
c14-1728516.html,חדשות 14,2026-10-07,https://victorchina-ops.github.io/israel-election-simulator/sources/2026-10-07/c14/c14-1728516.html,https://www.c14.co.il/article/1728516,2026-10-07,1100,True,המנדטים והאחוזים שפורסמו — תא ריק משמעו נתון חסר,1,הציבור החרדי,haredi_public,0,0.4,,,,,,,,,,,
c14-1728516.html,חדשות 14,2026-10-07,https://victorchina-ops.github.io/israel-election-simulator/sources/2026-10-07/c14/c14-1728516.html,https://www.c14.co.il/article/1728516,2026-10-07,1100,True,המנדטים והאחוזים שפורסמו — תא ריק משמעו נתון חסר,1,ישראל תחילה,israel_first,,,,,,,,,,,,,
c14-1728516.html,חדשות 14,2026-10-07,https://victorchina-ops.github.io/israel-election-simulator/sources/2026-10-07/c14/c14-1728516.html,https://www.c14.co.il/article/1728516,2026-10-07,1100,True,המנדטים והאחוזים שפורסמו — תא ריק משמעו נתון חסר,1,אח״י – חוזרים לשורשים,,,0.1,,,,,,,,,,,
c13-2026-10-07-original.html,חדשות 13,2026-10-07,https://victorchina-ops.github.io/israel-election-simulator/sources/2026-10-07/c13-2026-10-07-original.html,https://13tv.co.il/item/news/politics/politics/survey-905386103/,,1013,True,המנדטים והאחוזים שפורסמו — תא ריק משמעו נתון חסר,1,ישר!,yashar,20,,,,,,,,,,,,
c13-2026-10-07-original.html,חדשות 13,2026-10-07,https://victorchina-ops.github.io/israel-election-simulator/sources/2026-10-07/c13-2026-10-07-original.html,https://13tv.co.il/item/news/politics/politics/survey-905386103/,,1013,True,המנדטים והאחוזים שפורסמו — תא ריק משמעו נתון חסר,1,הליכוד,likud,20,,,,,,,,,,,,
c13-2026-10-07-original.html,חדשות 13,2026-10-07,https://victorchina-ops.github.io/israel-election-simulator/sources/2026-10-07/c13-2026-10-07-original.html,https://13tv.co.il/item/news/politics/politics/survey-905386103/,,1013,True,המנדטים והאחוזים שפורסמו — תא ריק משמעו נתון חסר,1,ביחד,beyachad,12,,,,,,,,,,,,
c13-2026-10-07-original.html,חדשות 13,2026-10-07,https://victorchina-ops.github.io/israel-election-simulator/sources/2026-10-07/c13-2026-10-07-original.html,https://13tv.co.il/item/news/politics/politics/survey-905386103/,,1013,True,המנדטים והאחוזים שפורסמו — תא ריק משמעו נתון חסר,1,הדמוקרטים,democrats,10,,,,,,,,,,,,
c13-2026-10-07-original.html,חדשות 13,2026-10-07,https://victorchina-ops.github.io/israel-election-simulator/sources/2026-10-07/c13-2026-10-07-original.html,https://13tv.co.il/item/news/politics/politics/survey-905386103/,,1013,True,המנדטים והאחוזים שפורסמו — תא ריק משמעו נתון חסר,1,ישראל ביתנו,yisrael_beiteinu,8,,,,,,,,,,,,
c13-2026-10-07-original.html,חדשות 13,2026-10-07,https://victorchina-ops.github.io/israel-election-simulator/sources/2026-10-07/c13-2026-10-07-original.html,https://13tv.co.il/item/news/politics/politics/survey-905386103/,,1013,True,המנדטים והאחוזים שפורסמו — תא ריק משמעו נתון חסר,1,יהדות התורה,utj,8,,,,,,,,,,,,
c13-2026-10-07-original.html,חדשות 13,2026-10-07,https://victorchina-ops.github.io/israel-election-simulator/sources/2026-10-07/c13-2026-10-07-original.html,https://13tv.co.il/item/news/politics/politics/survey-905386103/,,1013,True,המנדטים והאחוזים שפורסמו — תא ריק משמעו נתון חסר,1,הרשימה המשותפת,joint,9,,,,,,,,,,,,
c13-2026-10-07-original.html,חדשות 13,2026-10-07,https://victorchina-ops.github.io/israel-election-simulator/sources/2026-10-07/c13-2026-10-07-original.html,https://13tv.co.il/item/news/politics/politics/survey-905386103/,,1013,True,המנדטים והאחוזים שפורסמו — תא ריק משמעו נתון חסר,1,ש״ס,shas,7,,,,,,,,,,,,
c13-2026-10-07-original.html,חדשות 13,2026-10-07,https://victorchina-ops.github.io/israel-election-simulator/sources/2026-10-07/c13-2026-10-07-original.html,https://13tv.co.il/item/news/politics/politics/survey-905386103/,,1013,True,המנדטים והאחוזים שפורסמו — תא ריק משמעו נתון חסר,1,עוצמה יהודית,otzma,8,,,,,,,,,,,,
c13-2026-10-07-original.html,חדשות 13,2026-10-07,https://victorchina-ops.github.io/israel-election-simulator/sources/2026-10-07/c13-2026-10-07-original.html,https://13tv.co.il/item/news/politics/politics/survey-905386103/,,1013,True,המנדטים והאחוזים שפורסמו — תא ריק משמעו נתון חסר,1,הציונות הדתית–זהות,rz_zehut,7,,,,,,,,,,,,
c13-2026-10-07-original.html,חדשות 13,2026-10-07,https://victorchina-ops.github.io/israel-election-simulator/sources/2026-10-07/c13-2026-10-07-original.html,https://13tv.co.il/item/news/politics/politics/survey-905386103/,,1013,True,המנדטים והאחוזים שפורסמו — תא ריק משמעו נתון חסר,1,רע״ם,raam,6,,,,,,,,,,,,
c13-2026-10-07-original.html,חדשות 13,2026-10-07,https://victorchina-ops.github.io/israel-election-simulator/sources/2026-10-07/c13-2026-10-07-original.html,https://13tv.co.il/item/news/politics/politics/survey-905386103/,,1013,True,המנדטים והאחוזים שפורסמו — תא ריק משמעו נתון חסר,1,עמך ישראל,winter,5,,,,,,,,,,,,
c13-2026-10-07-original.html,חדשות 13,2026-10-07,https://victorchina-ops.github.io/israel-election-simulator/sources/2026-10-07/c13-2026-10-07-original.html,https://13tv.co.il/item/news/politics/politics/survey-905386103/,,1013,True,המנדטים והאחוזים שפורסמו — תא ריק משמעו נתון חסר,1,המילואימניקים והכלכלית,hendel,0,2.9,,,,,,,,,,,
c13-2026-10-07-original.html,חדשות 13,2026-10-07,https://victorchina-ops.github.io/israel-election-simulator/sources/2026-10-07/c13-2026-10-07-original.html,https://13tv.co.il/item/news/politics/politics/survey-905386103/,,1013,True,המנדטים והאחוזים שפורסמו — תא ריק משמעו נתון חסר,1,כחול לבן,gantz,0,0.8,,,,,,,,,,,
c13-2026-10-07-original.html,חדשות 13,2026-10-07,https://victorchina-ops.github.io/israel-election-simulator/sources/2026-10-07/c13-2026-10-07-original.html,https://13tv.co.il/item/news/politics/politics/survey-905386103/,,1013,True,המנדטים והאחוזים שפורסמו — תא ריק משמעו נתון חסר,1,נעם לישראל,noam,,,,,,,,,,,,,
c13-2026-10-07-original.html,חדשות 13,2026-10-07,https://victorchina-ops.github.io/israel-election-simulator/sources/2026-10-07/c13-2026-10-07-original.html,https://13tv.co.il/item/news/politics/politics/survey-905386103/,,1013,True,המנדטים והאחוזים שפורסמו — תא ריק משמעו נתון חסר,1,הציבור החרדי,haredi_public,0,1.1,,,,,,,,,,,
c13-2026-10-07-original.html,חדשות 13,2026-10-07,https://victorchina-ops.github.io/israel-election-simulator/sources/2026-10-07/c13-2026-10-07-original.html,https://13tv.co.il/item/news/politics/politics/survey-905386103/,,1013,True,המנדטים והאחוזים שפורסמו — תא ריק משמעו נתון חסר,1,ישראל תחילה,israel_first,,,,,,,,,,,,,
c16-2026-10-06-original-metadata.json,ערוץ 16,2026-10-06,https://victorchina-ops.github.io/israel-election-simulator/sources/2026-10-06/c16-2026-10-06-original-metadata.json,https://www.ch16.co.il/vod/6ac52db1be11035fe627ec5a,2026-10-06,550,True,המנדטים והאחוזים שפורסמו — תא ריק משמעו נתון חסר,1,ישר!,yashar,23,,,,,,,,,,,,
c16-2026-10-06-original-metadata.json,ערוץ 16,2026-10-06,https://victorchina-ops.github.io/israel-election-simulator/sources/2026-10-06/c16-2026-10-06-original-metadata.json,https://www.ch16.co.il/vod/6ac52db1be11035fe627ec5a,2026-10-06,550,True,המנדטים והאחוזים שפורסמו — תא ריק משמעו נתון חסר,1,הליכוד,likud,21,,,,,,,,,,,,
c16-2026-10-06-original-metadata.json,ערוץ 16,2026-10-06,https://victorchina-ops.github.io/israel-election-simulator/sources/2026-10-06/c16-2026-10-06-original-metadata.json,https://www.ch16.co.il/vod/6ac52db1be11035fe627ec5a,2026-10-06,550,True,המנדטים והאחוזים שפורסמו — תא ריק משמעו נתון חסר,1,ביחד,beyachad,14,,,,,,,,,,,,
c16-2026-10-06-original-metadata.json,ערוץ 16,2026-10-06,https://victorchina-ops.github.io/israel-election-simulator/sources/2026-10-06/c16-2026-10-06-original-metadata.json,https://www.ch16.co.il/vod/6ac52db1be11035fe627ec5a,2026-10-06,550,True,המנדטים והאחוזים שפורסמו — תא ריק משמעו נתון חסר,1,הדמוקרטים,democrats,9,,,,,,,,,,,,
c16-2026-10-06-original-metadata.json,ערוץ 16,2026-10-06,https://victorchina-ops.github.io/israel-election-simulator/sources/2026-10-06/c16-2026-10-06-original-metadata.json,https://www.ch16.co.il/vod/6ac52db1be11035fe627ec5a,2026-10-06,550,True,המנדטים והאחוזים שפורסמו — תא ריק משמעו נתון חסר,1,ישראל ביתנו,yisrael_beiteinu,7,,,,,,,,,,,,
c16-2026-10-06-original-metadata.json,ערוץ 16,2026-10-06,https://victorchina-ops.github.io/israel-election-simulator/sources/2026-10-06/c16-2026-10-06-original-metadata.json,https://www.ch16.co.il/vod/6ac52db1be11035fe627ec5a,2026-10-06,550,True,המנדטים והאחוזים שפורסמו — תא ריק משמעו נתון חסר,1,יהדות התורה,utj,7,,,,,,,,,,,,
c16-2026-10-06-original-metadata.json,ערוץ 16,2026-10-06,https://victorchina-ops.github.io/israel-election-simulator/sources/2026-10-06/c16-2026-10-06-original-metadata.json,https://www.ch16.co.il/vod/6ac52db1be11035fe627ec5a,2026-10-06,550,True,המנדטים והאחוזים שפורסמו — תא ריק משמעו נתון חסר,1,הרשימה המשותפת,joint,7,,,,,,,,,,,,
c16-2026-10-06-original-metadata.json,ערוץ 16,2026-10-06,https://victorchina-ops.github.io/israel-election-simulator/sources/2026-10-06/c16-2026-10-06-original-metadata.json,https://www.ch16.co.il/vod/6ac52db1be11035fe627ec5a,2026-10-06,550,True,המנדטים והאחוזים שפורסמו — תא ריק משמעו נתון חסר,1,ש״ס,shas,8,,,,,,,,,,,,
c16-2026-10-06-original-metadata.json,ערוץ 16,2026-10-06,https://victorchina-ops.github.io/israel-election-simulator/sources/2026-10-06/c16-2026-10-06-original-metadata.json,https://www.ch16.co.il/vod/6ac52db1be11035fe627ec5a,2026-10-06,550,True,המנדטים והאחוזים שפורסמו — תא ריק משמעו נתון חסר,1,עוצמה יהודית,otzma,7,,,,,,,,,,,,
c16-2026-10-06-original-metadata.json,ערוץ 16,2026-10-06,https://victorchina-ops.github.io/israel-election-simulator/sources/2026-10-06/c16-2026-10-06-original-metadata.json,https://www.ch16.co.il/vod/6ac52db1be11035fe627ec5a,2026-10-06,550,True,המנדטים והאחוזים שפורסמו — תא ריק משמעו נתון חסר,1,הציונות הדתית–זהות,rz_zehut,7,,,,,,,,,,,,
c16-2026-10-06-original-metadata.json,ערוץ 16,2026-10-06,https://victorchina-ops.github.io/israel-election-simulator/sources/2026-10-06/c16-2026-10-06-original-metadata.json,https://www.ch16.co.il/vod/6ac52db1be11035fe627ec5a,2026-10-06,550,True,המנדטים והאחוזים שפורסמו — תא ריק משמעו נתון חסר,1,רע״ם,raam,6,,,,,,,,,,,,
c16-2026-10-06-original-metadata.json,ערוץ 16,2026-10-06,https://victorchina-ops.github.io/israel-election-simulator/sources/2026-10-06/c16-2026-10-06-original-metadata.json,https://www.ch16.co.il/vod/6ac52db1be11035fe627ec5a,2026-10-06,550,True,המנדטים והאחוזים שפורסמו — תא ריק משמעו נתון חסר,1,עמך ישראל,winter,4,,,,,,,,,,,,
c16-2026-10-06-original-metadata.json,ערוץ 16,2026-10-06,https://victorchina-ops.github.io/israel-election-simulator/sources/2026-10-06/c16-2026-10-06-original-metadata.json,https://www.ch16.co.il/vod/6ac52db1be11035fe627ec5a,2026-10-06,550,True,המנדטים והאחוזים שפורסמו — תא ריק משמעו נתון חסר,1,המילואימניקים והכלכלית,hendel,0,2.4,,,,,,,,,,,
c16-2026-10-06-original-metadata.json,ערוץ 16,2026-10-06,https://victorchina-ops.github.io/israel-election-simulator/sources/2026-10-06/c16-2026-10-06-original-metadata.json,https://www.ch16.co.il/vod/6ac52db1be11035fe627ec5a,2026-10-06,550,True,המנדטים והאחוזים שפורסמו — תא ריק משמעו נתון חסר,1,כחול לבן,gantz,0,1.4,,,,,,,,,,,
c16-2026-10-06-original-metadata.json,ערוץ 16,2026-10-06,https://victorchina-ops.github.io/israel-election-simulator/sources/2026-10-06/c16-2026-10-06-original-metadata.json,https://www.ch16.co.il/vod/6ac52db1be11035fe627ec5a,2026-10-06,550,True,המנדטים והאחוזים שפורסמו — תא ריק משמעו נתון חסר,1,נעם לישראל,noam,,,,,,,,,,,,,
c16-2026-10-06-original-metadata.json,ערוץ 16,2026-10-06,https://victorchina-ops.github.io/israel-election-simulator/sources/2026-10-06/c16-2026-10-06-original-metadata.json,https://www.ch16.co.il/vod/6ac52db1be11035fe627ec5a,2026-10-06,550,True,המנדטים והאחוזים שפורסמו — תא ריק משמעו נתון חסר,1,הציבור החרדי,haredi_public,0,0.6,,,,,,,,,,,
c16-2026-10-06-original-metadata.json,ערוץ 16,2026-10-06,https://victorchina-ops.github.io/israel-election-simulator/sources/2026-10-06/c16-2026-10-06-original-metadata.json,https://www.ch16.co.il/vod/6ac52db1be11035fe627ec5a,2026-10-06,550,True,המנדטים והאחוזים שפורסמו — תא ריק משמעו נתון חסר,1,ישראל תחילה,israel_first,,,,,,,,,,,,,
n12-2026-10-05-original.html,חדשות 12,2026-10-05,https://victorchina-ops.github.io/israel-election-simulator/sources/2026-10-05/n12-2026-10-05-original.html,https://www.mako.co.il/news-israel-elections/2026/Article-d7459e0cc7c01a1026.htm,2026-10-05,501,True,המנדטים והאחוזים שפורסמו — תא ריק משמעו נתון חסר,1,ישר!,yashar,23,,,,,,,,,,,,
n12-2026-10-05-original.html,חדשות 12,2026-10-05,https://victorchina-ops.github.io/israel-election-simulator/sources/2026-10-05/n12-2026-10-05-original.html,https://www.mako.co.il/news-israel-elections/2026/Article-d7459e0cc7c01a1026.htm,2026-10-05,501,True,המנדטים והאחוזים שפורסמו — תא ריק משמעו נתון חסר,1,הליכוד,likud,21,,,,,,,,,,,,
n12-2026-10-05-original.html,חדשות 12,2026-10-05,https://victorchina-ops.github.io/israel-election-simulator/sources/2026-10-05/n12-2026-10-05-original.html,https://www.mako.co.il/news-israel-elections/2026/Article-d7459e0cc7c01a1026.htm,2026-10-05,501,True,המנדטים והאחוזים שפורסמו — תא ריק משמעו נתון חסר,1,ביחד,beyachad,13,,,,,,,,,,,,
n12-2026-10-05-original.html,חדשות 12,2026-10-05,https://victorchina-ops.github.io/israel-election-simulator/sources/2026-10-05/n12-2026-10-05-original.html,https://www.mako.co.il/news-israel-elections/2026/Article-d7459e0cc7c01a1026.htm,2026-10-05,501,True,המנדטים והאחוזים שפורסמו — תא ריק משמעו נתון חסר,1,הדמוקרטים,democrats,9,,,,,,,,,,,,
n12-2026-10-05-original.html,חדשות 12,2026-10-05,https://victorchina-ops.github.io/israel-election-simulator/sources/2026-10-05/n12-2026-10-05-original.html,https://www.mako.co.il/news-israel-elections/2026/Article-d7459e0cc7c01a1026.htm,2026-10-05,501,True,המנדטים והאחוזים שפורסמו — תא ריק משמעו נתון חסר,1,ישראל ביתנו,yisrael_beiteinu,9,,,,,,,,,,,,
n12-2026-10-05-original.html,חדשות 12,2026-10-05,https://victorchina-ops.github.io/israel-election-simulator/sources/2026-10-05/n12-2026-10-05-original.html,https://www.mako.co.il/news-israel-elections/2026/Article-d7459e0cc7c01a1026.htm,2026-10-05,501,True,המנדטים והאחוזים שפורסמו — תא ריק משמעו נתון חסר,1,יהדות התורה,utj,8,,,,,,,,,,,,
n12-2026-10-05-original.html,חדשות 12,2026-10-05,https://victorchina-ops.github.io/israel-election-simulator/sources/2026-10-05/n12-2026-10-05-original.html,https://www.mako.co.il/news-israel-elections/2026/Article-d7459e0cc7c01a1026.htm,2026-10-05,501,True,המנדטים והאחוזים שפורסמו — תא ריק משמעו נתון חסר,1,הרשימה המשותפת,joint,8,,,,,,,,,,,,
n12-2026-10-05-original.html,חדשות 12,2026-10-05,https://victorchina-ops.github.io/israel-election-simulator/sources/2026-10-05/n12-2026-10-05-original.html,https://www.mako.co.il/news-israel-elections/2026/Article-d7459e0cc7c01a1026.htm,2026-10-05,501,True,המנדטים והאחוזים שפורסמו — תא ריק משמעו נתון חסר,1,ש״ס,shas,7,,,,,,,,,,,,
n12-2026-10-05-original.html,חדשות 12,2026-10-05,https://victorchina-ops.github.io/israel-election-simulator/sources/2026-10-05/n12-2026-10-05-original.html,https://www.mako.co.il/news-israel-elections/2026/Article-d7459e0cc7c01a1026.htm,2026-10-05,501,True,המנדטים והאחוזים שפורסמו — תא ריק משמעו נתון חסר,1,עוצמה יהודית,otzma,7,,,,,,,,,,,,
n12-2026-10-05-original.html,חדשות 12,2026-10-05,https://victorchina-ops.github.io/israel-election-simulator/sources/2026-10-05/n12-2026-10-05-original.html,https://www.mako.co.il/news-israel-elections/2026/Article-d7459e0cc7c01a1026.htm,2026-10-05,501,True,המנדטים והאחוזים שפורסמו — תא ריק משמעו נתון חסר,1,הציונות הדתית–זהות,rz_zehut,6,,,,,,,,,,,,
n12-2026-10-05-original.html,חדשות 12,2026-10-05,https://victorchina-ops.github.io/israel-election-simulator/sources/2026-10-05/n12-2026-10-05-original.html,https://www.mako.co.il/news-israel-elections/2026/Article-d7459e0cc7c01a1026.htm,2026-10-05,501,True,המנדטים והאחוזים שפורסמו — תא ריק משמעו נתון חסר,1,רע״ם,raam,5,,,,,,,,,,,,
n12-2026-10-05-original.html,חדשות 12,2026-10-05,https://victorchina-ops.github.io/israel-election-simulator/sources/2026-10-05/n12-2026-10-05-original.html,https://www.mako.co.il/news-israel-elections/2026/Article-d7459e0cc7c01a1026.htm,2026-10-05,501,True,המנדטים והאחוזים שפורסמו — תא ריק משמעו נתון חסר,1,עמך ישראל,winter,0,1.5,,,,,,,,,,,
n12-2026-10-05-original.html,חדשות 12,2026-10-05,https://victorchina-ops.github.io/israel-election-simulator/sources/2026-10-05/n12-2026-10-05-original.html,https://www.mako.co.il/news-israel-elections/2026/Article-d7459e0cc7c01a1026.htm,2026-10-05,501,True,המנדטים והאחוזים שפורסמו — תא ריק משמעו נתון חסר,1,המילואימניקים והכלכלית,hendel,4,,,,,,,,,,,,
n12-2026-10-05-original.html,חדשות 12,2026-10-05,https://victorchina-ops.github.io/israel-election-simulator/sources/2026-10-05/n12-2026-10-05-original.html,https://www.mako.co.il/news-israel-elections/2026/Article-d7459e0cc7c01a1026.htm,2026-10-05,501,True,המנדטים והאחוזים שפורסמו — תא ריק משמעו נתון חסר,1,כחול לבן,gantz,0,0.5,,,,,,,,,,,
n12-2026-10-05-original.html,חדשות 12,2026-10-05,https://victorchina-ops.github.io/israel-election-simulator/sources/2026-10-05/n12-2026-10-05-original.html,https://www.mako.co.il/news-israel-elections/2026/Article-d7459e0cc7c01a1026.htm,2026-10-05,501,True,המנדטים והאחוזים שפורסמו — תא ריק משמעו נתון חסר,1,נעם לישראל,noam,0,0.0,,,,,,,,,,,
n12-2026-10-05-original.html,חדשות 12,2026-10-05,https://victorchina-ops.github.io/israel-election-simulator/sources/2026-10-05/n12-2026-10-05-original.html,https://www.mako.co.il/news-israel-elections/2026/Article-d7459e0cc7c01a1026.htm,2026-10-05,501,True,המנדטים והאחוזים שפורסמו — תא ריק משמעו נתון חסר,1,הציבור החרדי,haredi_public,0,0.6,,,,,,,,,,,
n12-2026-10-05-original.html,חדשות 12,2026-10-05,https://victorchina-ops.github.io/israel-election-simulator/sources/2026-10-05/n12-2026-10-05-original.html,https://www.mako.co.il/news-israel-elections/2026/Article-d7459e0cc7c01a1026.htm,2026-10-05,501,True,המנדטים והאחוזים שפורסמו — תא ריק משמעו נתון חסר,1,ישראל תחילה,israel_first,0,0.0,,,,,,,,,,,
Survey_4188.pdf,כאן חדשות,2026-10-04,https://victorchina-ops.github.io/israel-election-simulator/sources/2026-10-06/Survey_4188.pdf,https://www.gov.il/BlobFolder/dynamiccollectorresultitem/knesset_election97/he/Survey_4188.pdf,2026-10-04,553,True,דוח הסוקר המקורי — אחוזים גולמיים ומנדטים; חסר אינו אפס,2,ישר!,yashar,23,18.0,,,,,,,,,,,
Survey_4188.pdf,כאן חדשות,2026-10-04,https://victorchina-ops.github.io/israel-election-simulator/sources/2026-10-06/Survey_4188.pdf,https://www.gov.il/BlobFolder/dynamiccollectorresultitem/knesset_election97/he/Survey_4188.pdf,2026-10-04,553,True,דוח הסוקר המקורי — אחוזים גולמיים ומנדטים; חסר אינו אפס,2,הליכוד,likud,21,16.2,,,,,,,,,,,
Survey_4188.pdf,כאן חדשות,2026-10-04,https://victorchina-ops.github.io/israel-election-simulator/sources/2026-10-06/Survey_4188.pdf,https://www.gov.il/BlobFolder/dynamiccollectorresultitem/knesset_election97/he/Survey_4188.pdf,2026-10-04,553,True,דוח הסוקר המקורי — אחוזים גולמיים ומנדטים; חסר אינו אפס,2,ביחד,beyachad,12,9.4,,,,,,,,,,,
Survey_4188.pdf,כאן חדשות,2026-10-04,https://victorchina-ops.github.io/israel-election-simulator/sources/2026-10-06/Survey_4188.pdf,https://www.gov.il/BlobFolder/dynamiccollectorresultitem/knesset_election97/he/Survey_4188.pdf,2026-10-04,553,True,דוח הסוקר המקורי — אחוזים גולמיים ומנדטים; חסר אינו אפס,2,הדמוקרטים,democrats,8,6.3,,,,,,,,,,,
Survey_4188.pdf,כאן חדשות,2026-10-04,https://victorchina-ops.github.io/israel-election-simulator/sources/2026-10-06/Survey_4188.pdf,https://www.gov.il/BlobFolder/dynamiccollectorresultitem/knesset_election97/he/Survey_4188.pdf,2026-10-04,553,True,דוח הסוקר המקורי — אחוזים גולמיים ומנדטים; חסר אינו אפס,2,ישראל ביתנו,yisrael_beiteinu,9,6.9,,,,,,,,,,,
Survey_4188.pdf,כאן חדשות,2026-10-04,https://victorchina-ops.github.io/israel-election-simulator/sources/2026-10-06/Survey_4188.pdf,https://www.gov.il/BlobFolder/dynamiccollectorresultitem/knesset_election97/he/Survey_4188.pdf,2026-10-04,553,True,דוח הסוקר המקורי — אחוזים גולמיים ומנדטים; חסר אינו אפס,2,יהדות התורה,utj,8,6.3,,,,,,,,,,,
Survey_4188.pdf,כאן חדשות,2026-10-04,https://victorchina-ops.github.io/israel-election-simulator/sources/2026-10-06/Survey_4188.pdf,https://www.gov.il/BlobFolder/dynamiccollectorresultitem/knesset_election97/he/Survey_4188.pdf,2026-10-04,553,True,דוח הסוקר המקורי — אחוזים גולמיים ומנדטים; חסר אינו אפס,2,הרשימה המשותפת,joint,8,6.3,,,,,,,,,,,
Survey_4188.pdf,כאן חדשות,2026-10-04,https://victorchina-ops.github.io/israel-election-simulator/sources/2026-10-06/Survey_4188.pdf,https://www.gov.il/BlobFolder/dynamiccollectorresultitem/knesset_election97/he/Survey_4188.pdf,2026-10-04,553,True,דוח הסוקר המקורי — אחוזים גולמיים ומנדטים; חסר אינו אפס,2,ש״ס,shas,8,6.3,,,,,,,,,,,
Survey_4188.pdf,כאן חדשות,2026-10-04,https://victorchina-ops.github.io/israel-election-simulator/sources/2026-10-06/Survey_4188.pdf,https://www.gov.il/BlobFolder/dynamiccollectorresultitem/knesset_election97/he/Survey_4188.pdf,2026-10-04,553,True,דוח הסוקר המקורי — אחוזים גולמיים ומנדטים; חסר אינו אפס,2,עוצמה יהודית,otzma,8,6.3,,,,,,,,,,,
Survey_4188.pdf,כאן חדשות,2026-10-04,https://victorchina-ops.github.io/israel-election-simulator/sources/2026-10-06/Survey_4188.pdf,https://www.gov.il/BlobFolder/dynamiccollectorresultitem/knesset_election97/he/Survey_4188.pdf,2026-10-04,553,True,דוח הסוקר המקורי — אחוזים גולמיים ומנדטים; חסר אינו אפס,2,הציונות הדתית–זהות,rz_zehut,6,4.6,,,,,,,,,,,
Survey_4188.pdf,כאן חדשות,2026-10-04,https://victorchina-ops.github.io/israel-election-simulator/sources/2026-10-06/Survey_4188.pdf,https://www.gov.il/BlobFolder/dynamiccollectorresultitem/knesset_election97/he/Survey_4188.pdf,2026-10-04,553,True,דוח הסוקר המקורי — אחוזים גולמיים ומנדטים; חסר אינו אפס,2,רע״ם,raam,5,3.9,,,,,,,,,,,
Survey_4188.pdf,כאן חדשות,2026-10-04,https://victorchina-ops.github.io/israel-election-simulator/sources/2026-10-06/Survey_4188.pdf,https://www.gov.il/BlobFolder/dynamiccollectorresultitem/knesset_election97/he/Survey_4188.pdf,2026-10-04,553,True,דוח הסוקר המקורי — אחוזים גולמיים ומנדטים; חסר אינו אפס,2,עמך ישראל,winter,0,2.6,,,,,,,,,,,
Survey_4188.pdf,כאן חדשות,2026-10-04,https://victorchina-ops.github.io/israel-election-simulator/sources/2026-10-06/Survey_4188.pdf,https://www.gov.il/BlobFolder/dynamiccollectorresultitem/knesset_election97/he/Survey_4188.pdf,2026-10-04,553,True,דוח הסוקר המקורי — אחוזים גולמיים ומנדטים; חסר אינו אפס,2,המילואימניקים והכלכלית,hendel,4,3.4,,,,,,,,,,,
Survey_4188.pdf,כאן חדשות,2026-10-04,https://victorchina-ops.github.io/israel-election-simulator/sources/2026-10-06/Survey_4188.pdf,https://www.gov.il/BlobFolder/dynamiccollectorresultitem/knesset_election97/he/Survey_4188.pdf,2026-10-04,553,True,דוח הסוקר המקורי — אחוזים גולמיים ומנדטים; חסר אינו אפס,2,כחול לבן,gantz,0,1.3,,,,,,,,,,,
Survey_4188.pdf,כאן חדשות,2026-10-04,https://victorchina-ops.github.io/israel-election-simulator/sources/2026-10-06/Survey_4188.pdf,https://www.gov.il/BlobFolder/dynamiccollectorresultitem/knesset_election97/he/Survey_4188.pdf,2026-10-04,553,True,דוח הסוקר המקורי — אחוזים גולמיים ומנדטים; חסר אינו אפס,2,נעם לישראל,noam,,,,,,,,,,,,,
Survey_4188.pdf,כאן חדשות,2026-10-04,https://victorchina-ops.github.io/israel-election-simulator/sources/2026-10-06/Survey_4188.pdf,https://www.gov.il/BlobFolder/dynamiccollectorresultitem/knesset_election97/he/Survey_4188.pdf,2026-10-04,553,True,דוח הסוקר המקורי — אחוזים גולמיים ומנדטים; חסר אינו אפס,2,הציבור החרדי,haredi_public,0,0.9,,,,,,,,,,,
Survey_4188.pdf,כאן חדשות,2026-10-04,https://victorchina-ops.github.io/israel-election-simulator/sources/2026-10-06/Survey_4188.pdf,https://www.gov.il/BlobFolder/dynamiccollectorresultitem/knesset_election97/he/Survey_4188.pdf,2026-10-04,553,True,דוח הסוקר המקורי — אחוזים גולמיים ומנדטים; חסר אינו אפס,2,ישראל תחילה,israel_first,,,,,,,,,,,,,
Survey_4188.pdf,כאן חדשות,2026-10-04,https://victorchina-ops.github.io/israel-election-simulator/sources/2026-10-06/Survey_4188.pdf,https://www.gov.il/BlobFolder/dynamiccollectorresultitem/knesset_election97/he/Survey_4188.pdf,2026-10-04,553,True,דוח הסוקר המקורי — אחוזים גולמיים ומנדטים; חסר אינו אפס,2,מפלגת אח״י בראשות הרב אברג׳ל,,0,0.7,,,,,,,,,,,
Survey_4188.pdf,כאן חדשות,2026-10-04,https://victorchina-ops.github.io/israel-election-simulator/sources/2026-10-06/Survey_4188.pdf,https://www.gov.il/BlobFolder/dynamiccollectorresultitem/knesset_election97/he/Survey_4188.pdf,2026-10-04,553,True,דוח הסוקר המקורי — אחוזים גולמיים ומנדטים; חסר אינו אפס,2,צבע שחור - מגן עולם התורה בראשות אליהו בוימרינד,,0,0.6,,,,,,,,,,,
maariv-lazar-2026-10-02-1372750.html,מעריב,2026-10-02,https://victorchina-ops.github.io/israel-election-simulator/sources/2026-10-02/maariv-lazar-2026-10-02-1372750.html,https://www.maariv.co.il/news/elections-2026/article-1372750,2026-10-01,602,True,המנדטים והאחוזים שפורסמו — תא ריק משמעו נתון חסר,1,ישר!,yashar,21,,,,,,,,,,,,
maariv-lazar-2026-10-02-1372750.html,מעריב,2026-10-02,https://victorchina-ops.github.io/israel-election-simulator/sources/2026-10-02/maariv-lazar-2026-10-02-1372750.html,https://www.maariv.co.il/news/elections-2026/article-1372750,2026-10-01,602,True,המנדטים והאחוזים שפורסמו — תא ריק משמעו נתון חסר,1,הליכוד,likud,19,,,,,,,,,,,,
maariv-lazar-2026-10-02-1372750.html,מעריב,2026-10-02,https://victorchina-ops.github.io/israel-election-simulator/sources/2026-10-02/maariv-lazar-2026-10-02-1372750.html,https://www.maariv.co.il/news/elections-2026/article-1372750,2026-10-01,602,True,המנדטים והאחוזים שפורסמו — תא ריק משמעו נתון חסר,1,ביחד,beyachad,13,,,,,,,,,,,,
maariv-lazar-2026-10-02-1372750.html,מעריב,2026-10-02,https://victorchina-ops.github.io/israel-election-simulator/sources/2026-10-02/maariv-lazar-2026-10-02-1372750.html,https://www.maariv.co.il/news/elections-2026/article-1372750,2026-10-01,602,True,המנדטים והאחוזים שפורסמו — תא ריק משמעו נתון חסר,1,הדמוקרטים,democrats,10,,,,,,,,,,,,
maariv-lazar-2026-10-02-1372750.html,מעריב,2026-10-02,https://victorchina-ops.github.io/israel-election-simulator/sources/2026-10-02/maariv-lazar-2026-10-02-1372750.html,https://www.maariv.co.il/news/elections-2026/article-1372750,2026-10-01,602,True,המנדטים והאחוזים שפורסמו — תא ריק משמעו נתון חסר,1,ישראל ביתנו,yisrael_beiteinu,9,,,,,,,,,,,,
maariv-lazar-2026-10-02-1372750.html,מעריב,2026-10-02,https://victorchina-ops.github.io/israel-election-simulator/sources/2026-10-02/maariv-lazar-2026-10-02-1372750.html,https://www.maariv.co.il/news/elections-2026/article-1372750,2026-10-01,602,True,המנדטים והאחוזים שפורסמו — תא ריק משמעו נתון חסר,1,יהדות התורה,utj,7,,,,,,,,,,,,
maariv-lazar-2026-10-02-1372750.html,מעריב,2026-10-02,https://victorchina-ops.github.io/israel-election-simulator/sources/2026-10-02/maariv-lazar-2026-10-02-1372750.html,https://www.maariv.co.il/news/elections-2026/article-1372750,2026-10-01,602,True,המנדטים והאחוזים שפורסמו — תא ריק משמעו נתון חסר,1,הרשימה המשותפת,joint,7,,,,,,,,,,,,
maariv-lazar-2026-10-02-1372750.html,מעריב,2026-10-02,https://victorchina-ops.github.io/israel-election-simulator/sources/2026-10-02/maariv-lazar-2026-10-02-1372750.html,https://www.maariv.co.il/news/elections-2026/article-1372750,2026-10-01,602,True,המנדטים והאחוזים שפורסמו — תא ריק משמעו נתון חסר,1,ש״ס,shas,7,,,,,,,,,,,,
maariv-lazar-2026-10-02-1372750.html,מעריב,2026-10-02,https://victorchina-ops.github.io/israel-election-simulator/sources/2026-10-02/maariv-lazar-2026-10-02-1372750.html,https://www.maariv.co.il/news/elections-2026/article-1372750,2026-10-01,602,True,המנדטים והאחוזים שפורסמו — תא ריק משמעו נתון חסר,1,עוצמה יהודית,otzma,9,,,,,,,,,,,,
maariv-lazar-2026-10-02-1372750.html,מעריב,2026-10-02,https://victorchina-ops.github.io/israel-election-simulator/sources/2026-10-02/maariv-lazar-2026-10-02-1372750.html,https://www.maariv.co.il/news/elections-2026/article-1372750,2026-10-01,602,True,המנדטים והאחוזים שפורסמו — תא ריק משמעו נתון חסר,1,הציונות הדתית–זהות,rz_zehut,5,,,,,,,,,,,,
maariv-lazar-2026-10-02-1372750.html,מעריב,2026-10-02,https://victorchina-ops.github.io/israel-election-simulator/sources/2026-10-02/maariv-lazar-2026-10-02-1372750.html,https://www.maariv.co.il/news/elections-2026/article-1372750,2026-10-01,602,True,המנדטים והאחוזים שפורסמו — תא ריק משמעו נתון חסר,1,רע״ם,raam,5,,,,,,,,,,,,
maariv-lazar-2026-10-02-1372750.html,מעריב,2026-10-02,https://victorchina-ops.github.io/israel-election-simulator/sources/2026-10-02/maariv-lazar-2026-10-02-1372750.html,https://www.maariv.co.il/news/elections-2026/article-1372750,2026-10-01,602,True,המנדטים והאחוזים שפורסמו — תא ריק משמעו נתון חסר,1,עמך ישראל,winter,4,,,,,,,,,,,,
maariv-lazar-2026-10-02-1372750.html,מעריב,2026-10-02,https://victorchina-ops.github.io/israel-election-simulator/sources/2026-10-02/maariv-lazar-2026-10-02-1372750.html,https://www.maariv.co.il/news/elections-2026/article-1372750,2026-10-01,602,True,המנדטים והאחוזים שפורסמו — תא ריק משמעו נתון חסר,1,המילואימניקים והכלכלית,hendel,4,,,,,,,,,,,,
maariv-lazar-2026-10-02-1372750.html,מעריב,2026-10-02,https://victorchina-ops.github.io/israel-election-simulator/sources/2026-10-02/maariv-lazar-2026-10-02-1372750.html,https://www.maariv.co.il/news/elections-2026/article-1372750,2026-10-01,602,True,המנדטים והאחוזים שפורסמו — תא ריק משמעו נתון חסר,1,כחול לבן,gantz,0,0.7,,,,,,,,,,,
maariv-lazar-2026-10-02-1372750.html,מעריב,2026-10-02,https://victorchina-ops.github.io/israel-election-simulator/sources/2026-10-02/maariv-lazar-2026-10-02-1372750.html,https://www.maariv.co.il/news/elections-2026/article-1372750,2026-10-01,602,True,המנדטים והאחוזים שפורסמו — תא ריק משמעו נתון חסר,1,נעם לישראל,noam,0,0.4,,,,,,,,,,,
maariv-lazar-2026-10-02-1372750.html,מעריב,2026-10-02,https://victorchina-ops.github.io/israel-election-simulator/sources/2026-10-02/maariv-lazar-2026-10-02-1372750.html,https://www.maariv.co.il/news/elections-2026/article-1372750,2026-10-01,602,True,המנדטים והאחוזים שפורסמו — תא ריק משמעו נתון חסר,1,הציבור החרדי,haredi_public,0,0.6,,,,,,,,,,,
maariv-lazar-2026-10-02-1372750.html,מעריב,2026-10-02,https://victorchina-ops.github.io/israel-election-simulator/sources/2026-10-02/maariv-lazar-2026-10-02-1372750.html,https://www.maariv.co.il/news/elections-2026/article-1372750,2026-10-01,602,True,המנדטים והאחוזים שפורסמו — תא ריק משמעו נתון חסר,1,ישראל תחילה,israel_first,,,,,,,,,,,,,
maariv-lazar-2026-10-02-1372750.html,מעריב,2026-10-02,https://victorchina-ops.github.io/israel-election-simulator/sources/2026-10-02/maariv-lazar-2026-10-02-1372750.html,https://www.maariv.co.il/news/elections-2026/article-1372750,2026-10-01,602,True,המנדטים והאחוזים שפורסמו — תא ריק משמעו נתון חסר,1,צומת–בית ישראל,,0,0.3,,,,,,,,,,,
i24-2026-10-01-761931ef.html,i24NEWS,2026-10-01,https://victorchina-ops.github.io/israel-election-simulator/sources/2026-10-02/i24-2026-10-01-761931ef.html,https://www.i24news.tv/he/news/israel-elections-2026/polls/artc-761931ef,2026-10-01,504,True,המנדטים והאחוזים שפורסמו — תא ריק משמעו נתון חסר,1,ישר!,yashar,22,,,,,,,,,,,,
i24-2026-10-01-761931ef.html,i24NEWS,2026-10-01,https://victorchina-ops.github.io/israel-election-simulator/sources/2026-10-02/i24-2026-10-01-761931ef.html,https://www.i24news.tv/he/news/israel-elections-2026/polls/artc-761931ef,2026-10-01,504,True,המנדטים והאחוזים שפורסמו — תא ריק משמעו נתון חסר,1,הליכוד,likud,28,,,,,,,,,,,,
i24-2026-10-01-761931ef.html,i24NEWS,2026-10-01,https://victorchina-ops.github.io/israel-election-simulator/sources/2026-10-02/i24-2026-10-01-761931ef.html,https://www.i24news.tv/he/news/israel-elections-2026/polls/artc-761931ef,2026-10-01,504,True,המנדטים והאחוזים שפורסמו — תא ריק משמעו נתון חסר,1,ביחד,beyachad,9,,,,,,,,,,,,
i24-2026-10-01-761931ef.html,i24NEWS,2026-10-01,https://victorchina-ops.github.io/israel-election-simulator/sources/2026-10-02/i24-2026-10-01-761931ef.html,https://www.i24news.tv/he/news/israel-elections-2026/polls/artc-761931ef,2026-10-01,504,True,המנדטים והאחוזים שפורסמו — תא ריק משמעו נתון חסר,1,הדמוקרטים,democrats,9,,,,,,,,,,,,
i24-2026-10-01-761931ef.html,i24NEWS,2026-10-01,https://victorchina-ops.github.io/israel-election-simulator/sources/2026-10-02/i24-2026-10-01-761931ef.html,https://www.i24news.tv/he/news/israel-elections-2026/polls/artc-761931ef,2026-10-01,504,True,המנדטים והאחוזים שפורסמו — תא ריק משמעו נתון חסר,1,ישראל ביתנו,yisrael_beiteinu,7,,,,,,,,,,,,
i24-2026-10-01-761931ef.html,i24NEWS,2026-10-01,https://victorchina-ops.github.io/israel-election-simulator/sources/2026-10-02/i24-2026-10-01-761931ef.html,https://www.i24news.tv/he/news/israel-elections-2026/polls/artc-761931ef,2026-10-01,504,True,המנדטים והאחוזים שפורסמו — תא ריק משמעו נתון חסר,1,יהדות התורה,utj,8,,,,,,,,,,,,
i24-2026-10-01-761931ef.html,i24NEWS,2026-10-01,https://victorchina-ops.github.io/israel-election-simulator/sources/2026-10-02/i24-2026-10-01-761931ef.html,https://www.i24news.tv/he/news/israel-elections-2026/polls/artc-761931ef,2026-10-01,504,True,המנדטים והאחוזים שפורסמו — תא ריק משמעו נתון חסר,1,הרשימה המשותפת,joint,8,,,,,,,,,,,,
i24-2026-10-01-761931ef.html,i24NEWS,2026-10-01,https://victorchina-ops.github.io/israel-election-simulator/sources/2026-10-02/i24-2026-10-01-761931ef.html,https://www.i24news.tv/he/news/israel-elections-2026/polls/artc-761931ef,2026-10-01,504,True,המנדטים והאחוזים שפורסמו — תא ריק משמעו נתון חסר,1,ש״ס,shas,7,,,,,,,,,,,,
i24-2026-10-01-761931ef.html,i24NEWS,2026-10-01,https://victorchina-ops.github.io/israel-election-simulator/sources/2026-10-02/i24-2026-10-01-761931ef.html,https://www.i24news.tv/he/news/israel-elections-2026/polls/artc-761931ef,2026-10-01,504,True,המנדטים והאחוזים שפורסמו — תא ריק משמעו נתון חסר,1,עוצמה יהודית,otzma,8,,,,,,,,,,,,
i24-2026-10-01-761931ef.html,i24NEWS,2026-10-01,https://victorchina-ops.github.io/israel-election-simulator/sources/2026-10-02/i24-2026-10-01-761931ef.html,https://www.i24news.tv/he/news/israel-elections-2026/polls/artc-761931ef,2026-10-01,504,True,המנדטים והאחוזים שפורסמו — תא ריק משמעו נתון חסר,1,הציונות הדתית–זהות,rz_zehut,5,,,,,,,,,,,,
i24-2026-10-01-761931ef.html,i24NEWS,2026-10-01,https://victorchina-ops.github.io/israel-election-simulator/sources/2026-10-02/i24-2026-10-01-761931ef.html,https://www.i24news.tv/he/news/israel-elections-2026/polls/artc-761931ef,2026-10-01,504,True,המנדטים והאחוזים שפורסמו — תא ריק משמעו נתון חסר,1,רע״ם,raam,5,,,,,,,,,,,,
i24-2026-10-01-761931ef.html,i24NEWS,2026-10-01,https://victorchina-ops.github.io/israel-election-simulator/sources/2026-10-02/i24-2026-10-01-761931ef.html,https://www.i24news.tv/he/news/israel-elections-2026/polls/artc-761931ef,2026-10-01,504,True,המנדטים והאחוזים שפורסמו — תא ריק משמעו נתון חסר,1,עמך ישראל,winter,4,,,,,,,,,,,,
i24-2026-10-01-761931ef.html,i24NEWS,2026-10-01,https://victorchina-ops.github.io/israel-election-simulator/sources/2026-10-02/i24-2026-10-01-761931ef.html,https://www.i24news.tv/he/news/israel-elections-2026/polls/artc-761931ef,2026-10-01,504,True,המנדטים והאחוזים שפורסמו — תא ריק משמעו נתון חסר,1,המילואימניקים והכלכלית,hendel,0,1.8,,,,,,,,,,,
i24-2026-10-01-761931ef.html,i24NEWS,2026-10-01,https://victorchina-ops.github.io/israel-election-simulator/sources/2026-10-02/i24-2026-10-01-761931ef.html,https://www.i24news.tv/he/news/israel-elections-2026/polls/artc-761931ef,2026-10-01,504,True,המנדטים והאחוזים שפורסמו — תא ריק משמעו נתון חסר,1,כחול לבן,gantz,0,,1,True,,,,,,,,,
i24-2026-10-01-761931ef.html,i24NEWS,2026-10-01,https://victorchina-ops.github.io/israel-election-simulator/sources/2026-10-02/i24-2026-10-01-761931ef.html,https://www.i24news.tv/he/news/israel-elections-2026/polls/artc-761931ef,2026-10-01,504,True,המנדטים והאחוזים שפורסמו — תא ריק משמעו נתון חסר,1,נעם לישראל,noam,0,,1,True,,,,,,,,,
i24-2026-10-01-761931ef.html,i24NEWS,2026-10-01,https://victorchina-ops.github.io/israel-election-simulator/sources/2026-10-02/i24-2026-10-01-761931ef.html,https://www.i24news.tv/he/news/israel-elections-2026/polls/artc-761931ef,2026-10-01,504,True,המנדטים והאחוזים שפורסמו — תא ריק משמעו נתון חסר,1,הציבור החרדי,haredi_public,0,,1,True,,,,,,,,,
i24-2026-10-01-761931ef.html,i24NEWS,2026-10-01,https://victorchina-ops.github.io/israel-election-simulator/sources/2026-10-02/i24-2026-10-01-761931ef.html,https://www.i24news.tv/he/news/israel-elections-2026/polls/artc-761931ef,2026-10-01,504,True,המנדטים והאחוזים שפורסמו — תא ריק משמעו נתון חסר,1,ישראל תחילה,israel_first,0,,1,True,,,,,,,,,
i24-2026-10-01-761931ef.html,i24NEWS,2026-10-01,https://victorchina-ops.github.io/israel-election-simulator/sources/2026-10-02/i24-2026-10-01-761931ef.html,https://www.i24news.tv/he/news/israel-elections-2026/polls/artc-761931ef,2026-10-01,504,True,המנדטים והאחוזים שפורסמו — תא ריק משמעו נתון חסר,1,צבע שחור,,0,,1,True,,,,,,,,,
i24-2026-10-01-761931ef.html,i24NEWS,2026-10-01,https://victorchina-ops.github.io/israel-election-simulator/sources/2026-10-02/i24-2026-10-01-761931ef.html,https://www.i24news.tv/he/news/israel-elections-2026/polls/artc-761931ef,2026-10-01,504,True,המנדטים והאחוזים שפורסמו — תא ריק משמעו נתון חסר,1,אח״י,,0,,1,True,,,,,,,,,
c14-2026-10-01-1720749.html,חדשות 14,2026-10-01,https://victorchina-ops.github.io/israel-election-simulator/sources/2026-10-02/c14-2026-10-01-1720749.html,https://www.c14.co.il/article/1720749,2026-10-01,2175,False,המנדטים והאחוזים שפורסמו — תא ריק משמעו נתון חסר,1,ישר!,yashar,21,,,,,,,,,,,,
c14-2026-10-01-1720749.html,חדשות 14,2026-10-01,https://victorchina-ops.github.io/israel-election-simulator/sources/2026-10-02/c14-2026-10-01-1720749.html,https://www.c14.co.il/article/1720749,2026-10-01,2175,False,המנדטים והאחוזים שפורסמו — תא ריק משמעו נתון חסר,1,הליכוד,likud,32,,,,,,,,,,,,
c14-2026-10-01-1720749.html,חדשות 14,2026-10-01,https://victorchina-ops.github.io/israel-election-simulator/sources/2026-10-02/c14-2026-10-01-1720749.html,https://www.c14.co.il/article/1720749,2026-10-01,2175,False,המנדטים והאחוזים שפורסמו — תא ריק משמעו נתון חסר,1,ביחד,beyachad,8,,,,,,,,,,,,
c14-2026-10-01-1720749.html,חדשות 14,2026-10-01,https://victorchina-ops.github.io/israel-election-simulator/sources/2026-10-02/c14-2026-10-01-1720749.html,https://www.c14.co.il/article/1720749,2026-10-01,2175,False,המנדטים והאחוזים שפורסמו — תא ריק משמעו נתון חסר,1,הדמוקרטים,democrats,9,,,,,,,,,,,,
c14-2026-10-01-1720749.html,חדשות 14,2026-10-01,https://victorchina-ops.github.io/israel-election-simulator/sources/2026-10-02/c14-2026-10-01-1720749.html,https://www.c14.co.il/article/1720749,2026-10-01,2175,False,המנדטים והאחוזים שפורסמו — תא ריק משמעו נתון חסר,1,ישראל ביתנו,yisrael_beiteinu,6,,,,,,,,,,,,
c14-2026-10-01-1720749.html,חדשות 14,2026-10-01,https://victorchina-ops.github.io/israel-election-simulator/sources/2026-10-02/c14-2026-10-01-1720749.html,https://www.c14.co.il/article/1720749,2026-10-01,2175,False,המנדטים והאחוזים שפורסמו — תא ריק משמעו נתון חסר,1,יהדות התורה,utj,8,,,,,,,,,,,,
c14-2026-10-01-1720749.html,חדשות 14,2026-10-01,https://victorchina-ops.github.io/israel-election-simulator/sources/2026-10-02/c14-2026-10-01-1720749.html,https://www.c14.co.il/article/1720749,2026-10-01,2175,False,המנדטים והאחוזים שפורסמו — תא ריק משמעו נתון חסר,1,הרשימה המשותפת,joint,7,,,,,,,,,,,,
c14-2026-10-01-1720749.html,חדשות 14,2026-10-01,https://victorchina-ops.github.io/israel-election-simulator/sources/2026-10-02/c14-2026-10-01-1720749.html,https://www.c14.co.il/article/1720749,2026-10-01,2175,False,המנדטים והאחוזים שפורסמו — תא ריק משמעו נתון חסר,1,ש״ס,shas,10,,,,,,,,,,,,
c14-2026-10-01-1720749.html,חדשות 14,2026-10-01,https://victorchina-ops.github.io/israel-election-simulator/sources/2026-10-02/c14-2026-10-01-1720749.html,https://www.c14.co.il/article/1720749,2026-10-01,2175,False,המנדטים והאחוזים שפורסמו — תא ריק משמעו נתון חסר,1,עוצמה יהודית,otzma,7,,,,,,,,,,,,
c14-2026-10-01-1720749.html,חדשות 14,2026-10-01,https://victorchina-ops.github.io/israel-election-simulator/sources/2026-10-02/c14-2026-10-01-1720749.html,https://www.c14.co.il/article/1720749,2026-10-01,2175,False,המנדטים והאחוזים שפורסמו — תא ריק משמעו נתון חסר,1,הציונות הדתית–זהות,rz_zehut,7,,,,,,,,,,,,
c14-2026-10-01-1720749.html,חדשות 14,2026-10-01,https://victorchina-ops.github.io/israel-election-simulator/sources/2026-10-02/c14-2026-10-01-1720749.html,https://www.c14.co.il/article/1720749,2026-10-01,2175,False,המנדטים והאחוזים שפורסמו — תא ריק משמעו נתון חסר,1,רע״ם,raam,5,,,,,,,,,,,,
c14-2026-10-01-1720749.html,חדשות 14,2026-10-01,https://victorchina-ops.github.io/israel-election-simulator/sources/2026-10-02/c14-2026-10-01-1720749.html,https://www.c14.co.il/article/1720749,2026-10-01,2175,False,המנדטים והאחוזים שפורסמו — תא ריק משמעו נתון חסר,1,עמך ישראל,winter,0,1.7,,,,,,,,,,,
c14-2026-10-01-1720749.html,חדשות 14,2026-10-01,https://victorchina-ops.github.io/israel-election-simulator/sources/2026-10-02/c14-2026-10-01-1720749.html,https://www.c14.co.il/article/1720749,2026-10-01,2175,False,המנדטים והאחוזים שפורסמו — תא ריק משמעו נתון חסר,1,המילואימניקים והכלכלית,hendel,0,1.2,,,,,,,,,,,
c14-2026-10-01-1720749.html,חדשות 14,2026-10-01,https://victorchina-ops.github.io/israel-election-simulator/sources/2026-10-02/c14-2026-10-01-1720749.html,https://www.c14.co.il/article/1720749,2026-10-01,2175,False,המנדטים והאחוזים שפורסמו — תא ריק משמעו נתון חסר,1,כחול לבן,gantz,0,0.4,,,,,,,,,,,
c14-2026-10-01-1720749.html,חדשות 14,2026-10-01,https://victorchina-ops.github.io/israel-election-simulator/sources/2026-10-02/c14-2026-10-01-1720749.html,https://www.c14.co.il/article/1720749,2026-10-01,2175,False,המנדטים והאחוזים שפורסמו — תא ריק משמעו נתון חסר,1,נעם לישראל,noam,0,0.1,,,,,,,,,,,
c14-2026-10-01-1720749.html,חדשות 14,2026-10-01,https://victorchina-ops.github.io/israel-election-simulator/sources/2026-10-02/c14-2026-10-01-1720749.html,https://www.c14.co.il/article/1720749,2026-10-01,2175,False,המנדטים והאחוזים שפורסמו — תא ריק משמעו נתון חסר,1,הציבור החרדי,haredi_public,0,0.2,,,,,,,,,,,
c14-2026-10-01-1720749.html,חדשות 14,2026-10-01,https://victorchina-ops.github.io/israel-election-simulator/sources/2026-10-02/c14-2026-10-01-1720749.html,https://www.c14.co.il/article/1720749,2026-10-01,2175,False,המנדטים והאחוזים שפורסמו — תא ריק משמעו נתון חסר,1,ישראל תחילה,israel_first,,,,,,,,,,,,,
c14-2026-10-01-1720749.html,חדשות 14,2026-10-01,https://victorchina-ops.github.io/israel-election-simulator/sources/2026-10-02/c14-2026-10-01-1720749.html,https://www.c14.co.il/article/1720749,2026-10-01,2175,False,המנדטים והאחוזים שפורסמו — תא ריק משמעו נתון חסר,1,אח״י – חוזרים לשורשים,,0,0.1,,,,,,,,,,,
zman-2026-10-01-web-reader.txt,זמן ישראל,2026-10-01,https://victorchina-ops.github.io/israel-election-simulator/sources/2026-10-01/zman-2026-10-01-web-reader.txt,https://www.zman.co.il/729422/,2026-10-01,500,True,המנדטים והאחוזים שפורסמו — תא ריק משמעו נתון חסר,1,ישר!,yashar,21,,,,,,,,,,,,
zman-2026-10-01-web-reader.txt,זמן ישראל,2026-10-01,https://victorchina-ops.github.io/israel-election-simulator/sources/2026-10-01/zman-2026-10-01-web-reader.txt,https://www.zman.co.il/729422/,2026-10-01,500,True,המנדטים והאחוזים שפורסמו — תא ריק משמעו נתון חסר,1,הליכוד,likud,21,,,,,,,,,,,,
zman-2026-10-01-web-reader.txt,זמן ישראל,2026-10-01,https://victorchina-ops.github.io/israel-election-simulator/sources/2026-10-01/zman-2026-10-01-web-reader.txt,https://www.zman.co.il/729422/,2026-10-01,500,True,המנדטים והאחוזים שפורסמו — תא ריק משמעו נתון חסר,1,ביחד,beyachad,10,,,,,,,,,,,,
zman-2026-10-01-web-reader.txt,זמן ישראל,2026-10-01,https://victorchina-ops.github.io/israel-election-simulator/sources/2026-10-01/zman-2026-10-01-web-reader.txt,https://www.zman.co.il/729422/,2026-10-01,500,True,המנדטים והאחוזים שפורסמו — תא ריק משמעו נתון חסר,1,הדמוקרטים,democrats,8,,,,,,,,,,,,
zman-2026-10-01-web-reader.txt,זמן ישראל,2026-10-01,https://victorchina-ops.github.io/israel-election-simulator/sources/2026-10-01/zman-2026-10-01-web-reader.txt,https://www.zman.co.il/729422/,2026-10-01,500,True,המנדטים והאחוזים שפורסמו — תא ריק משמעו נתון חסר,1,ישראל ביתנו,yisrael_beiteinu,10,,,,,,,,,,,,
zman-2026-10-01-web-reader.txt,זמן ישראל,2026-10-01,https://victorchina-ops.github.io/israel-election-simulator/sources/2026-10-01/zman-2026-10-01-web-reader.txt,https://www.zman.co.il/729422/,2026-10-01,500,True,המנדטים והאחוזים שפורסמו — תא ריק משמעו נתון חסר,1,יהדות התורה,utj,8,,,,,,,,,,,,
zman-2026-10-01-web-reader.txt,זמן ישראל,2026-10-01,https://victorchina-ops.github.io/israel-election-simulator/sources/2026-10-01/zman-2026-10-01-web-reader.txt,https://www.zman.co.il/729422/,2026-10-01,500,True,המנדטים והאחוזים שפורסמו — תא ריק משמעו נתון חסר,1,הרשימה המשותפת,joint,8,,,,,,,,,,,,
zman-2026-10-01-web-reader.txt,זמן ישראל,2026-10-01,https://victorchina-ops.github.io/israel-election-simulator/sources/2026-10-01/zman-2026-10-01-web-reader.txt,https://www.zman.co.il/729422/,2026-10-01,500,True,המנדטים והאחוזים שפורסמו — תא ריק משמעו נתון חסר,1,ש״ס,shas,9,,,,,,,,,,,,
zman-2026-10-01-web-reader.txt,זמן ישראל,2026-10-01,https://victorchina-ops.github.io/israel-election-simulator/sources/2026-10-01/zman-2026-10-01-web-reader.txt,https://www.zman.co.il/729422/,2026-10-01,500,True,המנדטים והאחוזים שפורסמו — תא ריק משמעו נתון חסר,1,עוצמה יהודית,otzma,6,,,,,,,,,,,,
zman-2026-10-01-web-reader.txt,זמן ישראל,2026-10-01,https://victorchina-ops.github.io/israel-election-simulator/sources/2026-10-01/zman-2026-10-01-web-reader.txt,https://www.zman.co.il/729422/,2026-10-01,500,True,המנדטים והאחוזים שפורסמו — תא ריק משמעו נתון חסר,1,הציונות הדתית–זהות,rz_zehut,5,,,,,,,,,,,,
zman-2026-10-01-web-reader.txt,זמן ישראל,2026-10-01,https://victorchina-ops.github.io/israel-election-simulator/sources/2026-10-01/zman-2026-10-01-web-reader.txt,https://www.zman.co.il/729422/,2026-10-01,500,True,המנדטים והאחוזים שפורסמו — תא ריק משמעו נתון חסר,1,רע״ם,raam,5,,,,,,,,,,,,
zman-2026-10-01-web-reader.txt,זמן ישראל,2026-10-01,https://victorchina-ops.github.io/israel-election-simulator/sources/2026-10-01/zman-2026-10-01-web-reader.txt,https://www.zman.co.il/729422/,2026-10-01,500,True,המנדטים והאחוזים שפורסמו — תא ריק משמעו נתון חסר,1,עמך ישראל,winter,4,,,,,,,,,,,,
zman-2026-10-01-web-reader.txt,זמן ישראל,2026-10-01,https://victorchina-ops.github.io/israel-election-simulator/sources/2026-10-01/zman-2026-10-01-web-reader.txt,https://www.zman.co.il/729422/,2026-10-01,500,True,המנדטים והאחוזים שפורסמו — תא ריק משמעו נתון חסר,1,המילואימניקים והכלכלית,hendel,5,,,,,,,,,,,,
zman-2026-10-01-web-reader.txt,זמן ישראל,2026-10-01,https://victorchina-ops.github.io/israel-election-simulator/sources/2026-10-01/zman-2026-10-01-web-reader.txt,https://www.zman.co.il/729422/,2026-10-01,500,True,המנדטים והאחוזים שפורסמו — תא ריק משמעו נתון חסר,1,כחול לבן,gantz,0,1.4,,,,,,,,,,,
zman-2026-10-01-web-reader.txt,זמן ישראל,2026-10-01,https://victorchina-ops.github.io/israel-election-simulator/sources/2026-10-01/zman-2026-10-01-web-reader.txt,https://www.zman.co.il/729422/,2026-10-01,500,True,המנדטים והאחוזים שפורסמו — תא ריק משמעו נתון חסר,1,נעם לישראל,noam,,,,,,,,,,,,,
zman-2026-10-01-web-reader.txt,זמן ישראל,2026-10-01,https://victorchina-ops.github.io/israel-election-simulator/sources/2026-10-01/zman-2026-10-01-web-reader.txt,https://www.zman.co.il/729422/,2026-10-01,500,True,המנדטים והאחוזים שפורסמו — תא ריק משמעו נתון חסר,1,הציבור החרדי,haredi_public,,,,,,,,,,,,,
zman-2026-10-01-web-reader.txt,זמן ישראל,2026-10-01,https://victorchina-ops.github.io/israel-election-simulator/sources/2026-10-01/zman-2026-10-01-web-reader.txt,https://www.zman.co.il/729422/,2026-10-01,500,True,המנדטים והאחוזים שפורסמו — תא ריק משמעו נתון חסר,1,ישראל תחילה,israel_first,,,,,,,,,,,,,
Survey_4173.pdf,ערוץ 16,2026-09-29,https://victorchina-ops.github.io/israel-election-simulator/sources/2026-10-06/Survey_4173.pdf,https://www.gov.il/BlobFolder/dynamiccollectorresultitem/knesset_election88/he/Survey_4173.pdf,2026-09-29,550,False,דוח הסוקר המקורי — מכנים נפרדים: גולמיים לעומת בעלי דעה (אין לערבב או לנרמל),3,ישר!,yashar,21,16.0,,,17.0,,,,,,,,
Survey_4173.pdf,ערוץ 16,2026-09-29,https://victorchina-ops.github.io/israel-election-simulator/sources/2026-10-06/Survey_4173.pdf,https://www.gov.il/BlobFolder/dynamiccollectorresultitem/knesset_election88/he/Survey_4173.pdf,2026-09-29,550,False,דוח הסוקר המקורי — מכנים נפרדים: גולמיים לעומת בעלי דעה (אין לערבב או לנרמל),3,הליכוד,likud,19,15.0,,,16.0,,,,,,,,
Survey_4173.pdf,ערוץ 16,2026-09-29,https://victorchina-ops.github.io/israel-election-simulator/sources/2026-10-06/Survey_4173.pdf,https://www.gov.il/BlobFolder/dynamiccollectorresultitem/knesset_election88/he/Survey_4173.pdf,2026-09-29,550,False,דוח הסוקר המקורי — מכנים נפרדים: גולמיים לעומת בעלי דעה (אין לערבב או לנרמל),3,ביחד,beyachad,14,11.0,,,12.0,,,,,,,,
Survey_4173.pdf,ערוץ 16,2026-09-29,https://victorchina-ops.github.io/israel-election-simulator/sources/2026-10-06/Survey_4173.pdf,https://www.gov.il/BlobFolder/dynamiccollectorresultitem/knesset_election88/he/Survey_4173.pdf,2026-09-29,550,False,דוח הסוקר המקורי — מכנים נפרדים: גולמיים לעומת בעלי דעה (אין לערבב או לנרמל),3,הדמוקרטים,democrats,9,7.0,,,8.0,,,,,,,,
Survey_4173.pdf,ערוץ 16,2026-09-29,https://victorchina-ops.github.io/israel-election-simulator/sources/2026-10-06/Survey_4173.pdf,https://www.gov.il/BlobFolder/dynamiccollectorresultitem/knesset_election88/he/Survey_4173.pdf,2026-09-29,550,False,דוח הסוקר המקורי — מכנים נפרדים: גולמיים לעומת בעלי דעה (אין לערבב או לנרמל),3,ישראל ביתנו,yisrael_beiteinu,7,5.0,,,5.0,,,,,,,,
Survey_4173.pdf,ערוץ 16,2026-09-29,https://victorchina-ops.github.io/israel-election-simulator/sources/2026-10-06/Survey_4173.pdf,https://www.gov.il/BlobFolder/dynamiccollectorresultitem/knesset_election88/he/Survey_4173.pdf,2026-09-29,550,False,דוח הסוקר המקורי — מכנים נפרדים: גולמיים לעומת בעלי דעה (אין לערבב או לנרמל),3,יהדות התורה,utj,7,6.0,,,6.0,,,,,,,,
Survey_4173.pdf,ערוץ 16,2026-09-29,https://victorchina-ops.github.io/israel-election-simulator/sources/2026-10-06/Survey_4173.pdf,https://www.gov.il/BlobFolder/dynamiccollectorresultitem/knesset_election88/he/Survey_4173.pdf,2026-09-29,550,False,דוח הסוקר המקורי — מכנים נפרדים: גולמיים לעומת בעלי דעה (אין לערבב או לנרמל),3,הרשימה המשותפת,joint,7,5.0,,,6.0,,,,,,,,
Survey_4173.pdf,ערוץ 16,2026-09-29,https://victorchina-ops.github.io/israel-election-simulator/sources/2026-10-06/Survey_4173.pdf,https://www.gov.il/BlobFolder/dynamiccollectorresultitem/knesset_election88/he/Survey_4173.pdf,2026-09-29,550,False,דוח הסוקר המקורי — מכנים נפרדים: גולמיים לעומת בעלי דעה (אין לערבב או לנרמל),3,ש״ס,shas,8,6.0,,,6.0,,,,,,,,
Survey_4173.pdf,ערוץ 16,2026-09-29,https://victorchina-ops.github.io/israel-election-simulator/sources/2026-10-06/Survey_4173.pdf,https://www.gov.il/BlobFolder/dynamiccollectorresultitem/knesset_election88/he/Survey_4173.pdf,2026-09-29,550,False,דוח הסוקר המקורי — מכנים נפרדים: גולמיים לעומת בעלי דעה (אין לערבב או לנרמל),3,עוצמה יהודית,otzma,8,7.0,,,7.0,,,,,,,,
Survey_4173.pdf,ערוץ 16,2026-09-29,https://victorchina-ops.github.io/israel-election-simulator/sources/2026-10-06/Survey_4173.pdf,https://www.gov.il/BlobFolder/dynamiccollectorresultitem/knesset_election88/he/Survey_4173.pdf,2026-09-29,550,False,דוח הסוקר המקורי — מכנים נפרדים: גולמיים לעומת בעלי דעה (אין לערבב או לנרמל),3,הציונות הדתית–זהות,rz_zehut,6,5.0,,,5.0,,,,,,,,
Survey_4173.pdf,ערוץ 16,2026-09-29,https://victorchina-ops.github.io/israel-election-simulator/sources/2026-10-06/Survey_4173.pdf,https://www.gov.il/BlobFolder/dynamiccollectorresultitem/knesset_election88/he/Survey_4173.pdf,2026-09-29,550,False,דוח הסוקר המקורי — מכנים נפרדים: גולמיים לעומת בעלי דעה (אין לערבב או לנרמל),3,רע״ם,raam,5,4.0,,,4.0,,,,,,,,
Survey_4173.pdf,ערוץ 16,2026-09-29,https://victorchina-ops.github.io/israel-election-simulator/sources/2026-10-06/Survey_4173.pdf,https://www.gov.il/BlobFolder/dynamiccollectorresultitem/knesset_election88/he/Survey_4173.pdf,2026-09-29,550,False,דוח הסוקר המקורי — מכנים נפרדים: גולמיים לעומת בעלי דעה (אין לערבב או לנרמל),3,עמך ישראל,winter,5,4.0,,,4.0,,,,,,,,
Survey_4173.pdf,ערוץ 16,2026-09-29,https://victorchina-ops.github.io/israel-election-simulator/sources/2026-10-06/Survey_4173.pdf,https://www.gov.il/BlobFolder/dynamiccollectorresultitem/knesset_election88/he/Survey_4173.pdf,2026-09-29,550,False,דוח הסוקר המקורי — מכנים נפרדים: גולמיים לעומת בעלי דעה (אין לערבב או לנרמל),3,המילואימניקים והכלכלית,hendel,4,3.0,,,3.3,,,,,,,,
Survey_4173.pdf,ערוץ 16,2026-09-29,https://victorchina-ops.github.io/israel-election-simulator/sources/2026-10-06/Survey_4173.pdf,https://www.gov.il/BlobFolder/dynamiccollectorresultitem/knesset_election88/he/Survey_4173.pdf,2026-09-29,550,False,דוח הסוקר המקורי — מכנים נפרדים: גולמיים לעומת בעלי דעה (אין לערבב או לנרמל),3,כחול לבן,gantz,0,0.4,,,0.4,0.5,,,,,,,
Survey_4173.pdf,ערוץ 16,2026-09-29,https://victorchina-ops.github.io/israel-election-simulator/sources/2026-10-06/Survey_4173.pdf,https://www.gov.il/BlobFolder/dynamiccollectorresultitem/knesset_election88/he/Survey_4173.pdf,2026-09-29,550,False,דוח הסוקר המקורי — מכנים נפרדים: גולמיים לעומת בעלי דעה (אין לערבב או לנרמל),3,נעם לישראל,noam,,,,,,,,,,,,,
Survey_4173.pdf,ערוץ 16,2026-09-29,https://victorchina-ops.github.io/israel-election-simulator/sources/2026-10-06/Survey_4173.pdf,https://www.gov.il/BlobFolder/dynamiccollectorresultitem/knesset_election88/he/Survey_4173.pdf,2026-09-29,550,False,דוח הסוקר המקורי — מכנים נפרדים: גולמיים לעומת בעלי דעה (אין לערבב או לנרמל),3,הציבור החרדי,haredi_public,0,0.6,,,0.6,0.8,,,,,,,
Survey_4173.pdf,ערוץ 16,2026-09-29,https://victorchina-ops.github.io/israel-election-simulator/sources/2026-10-06/Survey_4173.pdf,https://www.gov.il/BlobFolder/dynamiccollectorresultitem/knesset_election88/he/Survey_4173.pdf,2026-09-29,550,False,דוח הסוקר המקורי — מכנים נפרדים: גולמיים לעומת בעלי דעה (אין לערבב או לנרמל),3,ישראל תחילה,israel_first,,,,,,,,,,,,,
Survey_4173.pdf,ערוץ 16,2026-09-29,https://victorchina-ops.github.io/israel-election-simulator/sources/2026-10-06/Survey_4173.pdf,https://www.gov.il/BlobFolder/dynamiccollectorresultitem/knesset_election88/he/Survey_4173.pdf,2026-09-29,550,False,דוח הסוקר המקורי — מכנים נפרדים: גולמיים לעומת בעלי דעה (אין לערבב או לנרמל),3,רשימות אחרות,other,,0.8,,,,,,,,,,,
Survey_4173.pdf,ערוץ 16,2026-09-29,https://victorchina-ops.github.io/israel-election-simulator/sources/2026-10-06/Survey_4173.pdf,https://www.gov.il/BlobFolder/dynamiccollectorresultitem/knesset_election88/he/Survey_4173.pdf,2026-09-29,550,False,מתלבטים בעמודת האחוזים הגולמיים — לא חלק מעמודת בעלי הדעה,3,לא יודע/ת,,,4.0,,,,,,,,,,,
Survey_4182.pdf,חדשות 13,2026-09-30,https://13tv.co.il/item/news/politics/politics/survey-905376242/?pid=98577,https://13tv.co.il/item/news/politics/politics/survey-905376242/?pid=98577,2026-09-30,1013,False,מנדטים ואחוזים ארציים שפורסמו בכתבת חדשות 13 מ־30.9 — אינם טורי המדגמים הגולמיים שבדוח PDF,1,ישר!,yashar,21,,,,,,,,,,,,
Survey_4182.pdf,חדשות 13,2026-09-30,https://13tv.co.il/item/news/politics/politics/survey-905376242/?pid=98577,https://13tv.co.il/item/news/politics/politics/survey-905376242/?pid=98577,2026-09-30,1013,False,מנדטים ואחוזים ארציים שפורסמו בכתבת חדשות 13 מ־30.9 — אינם טורי המדגמים הגולמיים שבדוח PDF,1,הליכוד,likud,19,,,,,,,,,,,,
Survey_4182.pdf,חדשות 13,2026-09-30,https://13tv.co.il/item/news/politics/politics/survey-905376242/?pid=98577,https://13tv.co.il/item/news/politics/politics/survey-905376242/?pid=98577,2026-09-30,1013,False,מנדטים ואחוזים ארציים שפורסמו בכתבת חדשות 13 מ־30.9 — אינם טורי המדגמים הגולמיים שבדוח PDF,1,ביחד,beyachad,11,,,,,,,,,,,,
Survey_4182.pdf,חדשות 13,2026-09-30,https://13tv.co.il/item/news/politics/politics/survey-905376242/?pid=98577,https://13tv.co.il/item/news/politics/politics/survey-905376242/?pid=98577,2026-09-30,1013,False,מנדטים ואחוזים ארציים שפורסמו בכתבת חדשות 13 מ־30.9 — אינם טורי המדגמים הגולמיים שבדוח PDF,1,הדמוקרטים,democrats,11,,,,,,,,,,,,
Survey_4182.pdf,חדשות 13,2026-09-30,https://13tv.co.il/item/news/politics/politics/survey-905376242/?pid=98577,https://13tv.co.il/item/news/politics/politics/survey-905376242/?pid=98577,2026-09-30,1013,False,מנדטים ואחוזים ארציים שפורסמו בכתבת חדשות 13 מ־30.9 — אינם טורי המדגמים הגולמיים שבדוח PDF,1,ישראל ביתנו,yisrael_beiteinu,9,,,,,,,,,,,,
Survey_4182.pdf,חדשות 13,2026-09-30,https://13tv.co.il/item/news/politics/politics/survey-905376242/?pid=98577,https://13tv.co.il/item/news/politics/politics/survey-905376242/?pid=98577,2026-09-30,1013,False,מנדטים ואחוזים ארציים שפורסמו בכתבת חדשות 13 מ־30.9 — אינם טורי המדגמים הגולמיים שבדוח PDF,1,יהדות התורה,utj,8,,,,,,,,,,,,
Survey_4182.pdf,חדשות 13,2026-09-30,https://13tv.co.il/item/news/politics/politics/survey-905376242/?pid=98577,https://13tv.co.il/item/news/politics/politics/survey-905376242/?pid=98577,2026-09-30,1013,False,מנדטים ואחוזים ארציים שפורסמו בכתבת חדשות 13 מ־30.9 — אינם טורי המדגמים הגולמיים שבדוח PDF,1,הרשימה המשותפת,joint,9,,,,,,,,,,,,
Survey_4182.pdf,חדשות 13,2026-09-30,https://13tv.co.il/item/news/politics/politics/survey-905376242/?pid=98577,https://13tv.co.il/item/news/politics/politics/survey-905376242/?pid=98577,2026-09-30,1013,False,מנדטים ואחוזים ארציים שפורסמו בכתבת חדשות 13 מ־30.9 — אינם טורי המדגמים הגולמיים שבדוח PDF,1,ש״ס,shas,7,,,,,,,,,,,,
Survey_4182.pdf,חדשות 13,2026-09-30,https://13tv.co.il/item/news/politics/politics/survey-905376242/?pid=98577,https://13tv.co.il/item/news/politics/politics/survey-905376242/?pid=98577,2026-09-30,1013,False,מנדטים ואחוזים ארציים שפורסמו בכתבת חדשות 13 מ־30.9 — אינם טורי המדגמים הגולמיים שבדוח PDF,1,עוצמה יהודית,otzma,8,,,,,,,,,,,,
Survey_4182.pdf,חדשות 13,2026-09-30,https://13tv.co.il/item/news/politics/politics/survey-905376242/?pid=98577,https://13tv.co.il/item/news/politics/politics/survey-905376242/?pid=98577,2026-09-30,1013,False,מנדטים ואחוזים ארציים שפורסמו בכתבת חדשות 13 מ־30.9 — אינם טורי המדגמים הגולמיים שבדוח PDF,1,הציונות הדתית–זהות,rz_zehut,7,,,,,,,,,,,,
Survey_4182.pdf,חדשות 13,2026-09-30,https://13tv.co.il/item/news/politics/politics/survey-905376242/?pid=98577,https://13tv.co.il/item/news/politics/politics/survey-905376242/?pid=98577,2026-09-30,1013,False,מנדטים ואחוזים ארציים שפורסמו בכתבת חדשות 13 מ־30.9 — אינם טורי המדגמים הגולמיים שבדוח PDF,1,רע״ם,raam,5,,,,,,,,,,,,
Survey_4182.pdf,חדשות 13,2026-09-30,https://13tv.co.il/item/news/politics/politics/survey-905376242/?pid=98577,https://13tv.co.il/item/news/politics/politics/survey-905376242/?pid=98577,2026-09-30,1013,False,מנדטים ואחוזים ארציים שפורסמו בכתבת חדשות 13 מ־30.9 — אינם טורי המדגמים הגולמיים שבדוח PDF,1,עמך ישראל,winter,5,,,,,,,,,,,,
Survey_4182.pdf,חדשות 13,2026-09-30,https://13tv.co.il/item/news/politics/politics/survey-905376242/?pid=98577,https://13tv.co.il/item/news/politics/politics/survey-905376242/?pid=98577,2026-09-30,1013,False,מנדטים ואחוזים ארציים שפורסמו בכתבת חדשות 13 מ־30.9 — אינם טורי המדגמים הגולמיים שבדוח PDF,1,המילואימניקים והכלכלית,hendel,0,2.8,,,,,,,,,,,
Survey_4182.pdf,חדשות 13,2026-09-30,https://13tv.co.il/item/news/politics/politics/survey-905376242/?pid=98577,https://13tv.co.il/item/news/politics/politics/survey-905376242/?pid=98577,2026-09-30,1013,False,מנדטים ואחוזים ארציים שפורסמו בכתבת חדשות 13 מ־30.9 — אינם טורי המדגמים הגולמיים שבדוח PDF,1,כחול לבן,gantz,0,0.9,,,,,,,,,,,
Survey_4182.pdf,חדשות 13,2026-09-30,https://13tv.co.il/item/news/politics/politics/survey-905376242/?pid=98577,https://13tv.co.il/item/news/politics/politics/survey-905376242/?pid=98577,2026-09-30,1013,False,מנדטים ואחוזים ארציים שפורסמו בכתבת חדשות 13 מ־30.9 — אינם טורי המדגמים הגולמיים שבדוח PDF,1,נעם לישראל,noam,0,,,,,,,,,,,,
Survey_4182.pdf,חדשות 13,2026-09-30,https://13tv.co.il/item/news/politics/politics/survey-905376242/?pid=98577,https://13tv.co.il/item/news/politics/politics/survey-905376242/?pid=98577,2026-09-30,1013,False,מנדטים ואחוזים ארציים שפורסמו בכתבת חדשות 13 מ־30.9 — אינם טורי המדגמים הגולמיים שבדוח PDF,1,הציבור החרדי,haredi_public,0,1.3,,,,,,,,,,,
Survey_4182.pdf,חדשות 13,2026-09-30,https://13tv.co.il/item/news/politics/politics/survey-905376242/?pid=98577,https://13tv.co.il/item/news/politics/politics/survey-905376242/?pid=98577,2026-09-30,1013,False,מנדטים ואחוזים ארציים שפורסמו בכתבת חדשות 13 מ־30.9 — אינם טורי המדגמים הגולמיים שבדוח PDF,1,ישראל תחילה,israel_first,0,,,,,,,,,,,,
Survey_4182.pdf,חדשות 13,2026-09-30,https://victorchina-ops.github.io/israel-election-simulator/sources/2026-10-07/Survey_4182.pdf,https://www.gov.il/BlobFolder/dynamiccollectorresultitem/knesset_election94/he/Survey_4182.pdf,2026-09-30,1013,False,מנדטים ארציים ואחוזים גולמיים בלתי משוקללים בכל מדגם בנפרד — אינם אחוזי קולות ארציים,1,כחול לבן,gantz,0,,,,,,0.7,1.6,0,0,,,
Survey_4182.pdf,חדשות 13,2026-09-30,https://victorchina-ops.github.io/israel-election-simulator/sources/2026-10-07/Survey_4182.pdf,https://www.gov.il/BlobFolder/dynamiccollectorresultitem/knesset_election94/he/Survey_4182.pdf,2026-09-30,1013,False,מנדטים ארציים ואחוזים גולמיים בלתי משוקללים בכל מדגם בנפרד — אינם אחוזי קולות ארציים,1,ליכוד,likud,19,,,,,,14.3,4.9,4.3,0.8,,,
Survey_4182.pdf,חדשות 13,2026-09-30,https://victorchina-ops.github.io/israel-election-simulator/sources/2026-10-07/Survey_4182.pdf,https://www.gov.il/BlobFolder/dynamiccollectorresultitem/knesset_election94/he/Survey_4182.pdf,2026-09-30,1013,False,מנדטים ארציים ואחוזים גולמיים בלתי משוקללים בכל מדגם בנפרד — אינם אחוזי קולות ארציים,1,ש״ס,shas,7,,,,,,3.8,4.9,17,0,,,
Survey_4182.pdf,חדשות 13,2026-09-30,https://victorchina-ops.github.io/israel-election-simulator/sources/2026-10-07/Survey_4182.pdf,https://www.gov.il/BlobFolder/dynamiccollectorresultitem/knesset_election94/he/Survey_4182.pdf,2026-09-30,1013,False,מנדטים ארציים ואחוזים גולמיים בלתי משוקללים בכל מדגם בנפרד — אינם אחוזי קולות ארציים,1,הציונות הדתית,rz_zehut,7,,,,,,6,18,2.2,0,,,
Survey_4182.pdf,חדשות 13,2026-09-30,https://victorchina-ops.github.io/israel-election-simulator/sources/2026-10-07/Survey_4182.pdf,https://www.gov.il/BlobFolder/dynamiccollectorresultitem/knesset_election94/he/Survey_4182.pdf,2026-09-30,1013,False,מנדטים ארציים ואחוזים גולמיים בלתי משוקללים בכל מדגם בנפרד — אינם אחוזי קולות ארציים,1,יהדות התורה,utj,8,,,,,,4.7,13.1,47.8,0,,,
Survey_4182.pdf,חדשות 13,2026-09-30,https://victorchina-ops.github.io/israel-election-simulator/sources/2026-10-07/Survey_4182.pdf,https://www.gov.il/BlobFolder/dynamiccollectorresultitem/knesset_election94/he/Survey_4182.pdf,2026-09-30,1013,False,מנדטים ארציים ואחוזים גולמיים בלתי משוקללים בכל מדגם בנפרד — אינם אחוזי קולות ארציים,1,ישראל ביתנו,yisrael_beiteinu,9,,,,,,6.5,6.6,0,4.1,,,
Survey_4182.pdf,חדשות 13,2026-09-30,https://victorchina-ops.github.io/israel-election-simulator/sources/2026-10-07/Survey_4182.pdf,https://www.gov.il/BlobFolder/dynamiccollectorresultitem/knesset_election94/he/Survey_4182.pdf,2026-09-30,1013,False,מנדטים ארציים ואחוזים גולמיים בלתי משוקללים בכל מדגם בנפרד — אינם אחוזי קולות ארציים,1,עמך ישראל (וינטר),winter,5,,,,,,4.7,1.6,0,0,,,
Survey_4182.pdf,חדשות 13,2026-09-30,https://victorchina-ops.github.io/israel-election-simulator/sources/2026-10-07/Survey_4182.pdf,https://www.gov.il/BlobFolder/dynamiccollectorresultitem/knesset_election94/he/Survey_4182.pdf,2026-09-30,1013,False,מנדטים ארציים ואחוזים גולמיים בלתי משוקללים בכל מדגם בנפרד — אינם אחוזי קולות ארציים,1,רע״מ,raam,5,,,,,,0,0,0,23.8,,,
Survey_4182.pdf,חדשות 13,2026-09-30,https://victorchina-ops.github.io/israel-election-simulator/sources/2026-10-07/Survey_4182.pdf,https://www.gov.il/BlobFolder/dynamiccollectorresultitem/knesset_election94/he/Survey_4182.pdf,2026-09-30,1013,False,מנדטים ארציים ואחוזים גולמיים בלתי משוקללים בכל מדגם בנפרד — אינם אחוזי קולות ארציים,1,הרשימה המשותפת,joint,9,,,,,,0.2,0,0,43.4,,,
Survey_4182.pdf,חדשות 13,2026-09-30,https://victorchina-ops.github.io/israel-election-simulator/sources/2026-10-07/Survey_4182.pdf,https://www.gov.il/BlobFolder/dynamiccollectorresultitem/knesset_election94/he/Survey_4182.pdf,2026-09-30,1013,False,מנדטים ארציים ואחוזים גולמיים בלתי משוקללים בכל מדגם בנפרד — אינם אחוזי קולות ארציים,1,עוצמה יהודית,otzma,8,,,,,,6.7,8.2,8.3,0,,,
Survey_4182.pdf,חדשות 13,2026-09-30,https://victorchina-ops.github.io/israel-election-simulator/sources/2026-10-07/Survey_4182.pdf,https://www.gov.il/BlobFolder/dynamiccollectorresultitem/knesset_election94/he/Survey_4182.pdf,2026-09-30,1013,False,מנדטים ארציים ואחוזים גולמיים בלתי משוקללים בכל מדגם בנפרד — אינם אחוזי קולות ארציים,1,הדמוקרטים,democrats,11,,,,,,8.3,8.2,0.4,3.3,,,
Survey_4182.pdf,חדשות 13,2026-09-30,https://victorchina-ops.github.io/israel-election-simulator/sources/2026-10-07/Survey_4182.pdf,https://www.gov.il/BlobFolder/dynamiccollectorresultitem/knesset_election94/he/Survey_4182.pdf,2026-09-30,1013,False,מנדטים ארציים ואחוזים גולמיים בלתי משוקללים בכל מדגם בנפרד — אינם אחוזי קולות ארציים,1,ביחד,beyachad,11,,,,,,8.8,4.9,0,0,,,
Survey_4182.pdf,חדשות 13,2026-09-30,https://victorchina-ops.github.io/israel-election-simulator/sources/2026-10-07/Survey_4182.pdf,https://www.gov.il/BlobFolder/dynamiccollectorresultitem/knesset_election94/he/Survey_4182.pdf,2026-09-30,1013,False,מנדטים ארציים ואחוזים גולמיים בלתי משוקללים בכל מדגם בנפרד — אינם אחוזי קולות ארציים,1,ישר,yashar,21,,,,,,16.5,11.5,0,4.1,,,
Survey_4182.pdf,חדשות 13,2026-09-30,https://victorchina-ops.github.io/israel-election-simulator/sources/2026-10-07/Survey_4182.pdf,https://www.gov.il/BlobFolder/dynamiccollectorresultitem/knesset_election94/he/Survey_4182.pdf,2026-09-30,1013,False,מנדטים ארציים ואחוזים גולמיים בלתי משוקללים בכל מדגם בנפרד — אינם אחוזי קולות ארציים,1,המילואימניקים והכלכלית,hendel,0,,,,,,2.5,1.6,0,0,,,
Survey_4182.pdf,חדשות 13,2026-09-30,https://victorchina-ops.github.io/israel-election-simulator/sources/2026-10-07/Survey_4182.pdf,https://www.gov.il/BlobFolder/dynamiccollectorresultitem/knesset_election94/he/Survey_4182.pdf,2026-09-30,1013,False,מנדטים ארציים ואחוזים גולמיים בלתי משוקללים בכל מדגם בנפרד — אינם אחוזי קולות ארציים,1,הציבור החרדי,haredi_public,0,,,,,,1,3.3,7.8,0,,,
Survey_4182.pdf,חדשות 13,2026-09-30,https://victorchina-ops.github.io/israel-election-simulator/sources/2026-10-07/Survey_4182.pdf,https://www.gov.il/BlobFolder/dynamiccollectorresultitem/knesset_election94/he/Survey_4182.pdf,2026-09-30,1013,False,מנדטים ארציים ואחוזים גולמיים בלתי משוקללים בכל מדגם בנפרד — אינם אחוזי קולות ארציים,1,נעם (מתוך מפלגה אחרת),noam,0,,,,,,0,0,0,0,,,
Survey_4182.pdf,חדשות 13,2026-09-30,https://victorchina-ops.github.io/israel-election-simulator/sources/2026-10-07/Survey_4182.pdf,https://www.gov.il/BlobFolder/dynamiccollectorresultitem/knesset_election94/he/Survey_4182.pdf,2026-09-30,1013,False,מנדטים ארציים ואחוזים גולמיים בלתי משוקללים בכל מדגם בנפרד — אינם אחוזי קולות ארציים,1,הקהל (מתוך מפלגה אחרת),,0,,,,,,0,0,0,0,,,
Survey_4182.pdf,חדשות 13,2026-09-30,https://victorchina-ops.github.io/israel-election-simulator/sources/2026-10-07/Survey_4182.pdf,https://www.gov.il/BlobFolder/dynamiccollectorresultitem/knesset_election94/he/Survey_4182.pdf,2026-09-30,1013,False,מנדטים ארציים ואחוזים גולמיים בלתי משוקללים בכל מדגם בנפרד — אינם אחוזי קולות ארציים,1,צבע שחור (מתוך מפלגה אחרת),,0,,,,,,0.3,0,1.3,0,,,
Survey_4182.pdf,חדשות 13,2026-09-30,https://victorchina-ops.github.io/israel-election-simulator/sources/2026-10-07/Survey_4182.pdf,https://www.gov.il/BlobFolder/dynamiccollectorresultitem/knesset_election94/he/Survey_4182.pdf,2026-09-30,1013,False,מנדטים ארציים ואחוזים גולמיים בלתי משוקללים בכל מדגם בנפרד — אינם אחוזי קולות ארציים,1,ישראל תחילה (מתוך מפלגה אחרת),israel_first,0,,,,,,0,0,0,0,,,
Survey_4182.pdf,חדשות 13,2026-09-30,https://victorchina-ops.github.io/israel-election-simulator/sources/2026-10-07/Survey_4182.pdf,https://www.gov.il/BlobFolder/dynamiccollectorresultitem/knesset_election94/he/Survey_4182.pdf,2026-09-30,1013,False,מנדטים ארציים ואחוזים גולמיים בלתי משוקללים בכל מדגם בנפרד — אינם אחוזי קולות ארציים,1,מפלגה אחרת — טקסט חופשי,,,,,,,,0.3,0,0,0,,,
Survey_4182.pdf,חדשות 13,2026-09-30,https://victorchina-ops.github.io/israel-election-simulator/sources/2026-10-07/Survey_4182.pdf,https://www.gov.il/BlobFolder/dynamiccollectorresultitem/knesset_election94/he/Survey_4182.pdf,2026-09-30,1013,False,מנדטים ארציים ואחוזים גולמיים בלתי משוקללים בכל מדגם בנפרד — אינם אחוזי קולות ארציים,1,עדיין לא החלטתי,,,,,,,,11.2,6.6,6.5,10.7,,,
Survey_4182.pdf,חדשות 13,2026-09-30,https://victorchina-ops.github.io/israel-election-simulator/sources/2026-10-07/Survey_4182.pdf,https://www.gov.il/BlobFolder/dynamiccollectorresultitem/knesset_election94/he/Survey_4182.pdf,2026-09-30,1013,False,מנדטים ארציים ואחוזים גולמיים בלתי משוקללים בכל מדגם בנפרד — אינם אחוזי קולות ארציים,1,פתק לבן,,,,,,,,0.3,0,0,0,,,
Survey_4182.pdf,חדשות 13,2026-09-30,https://victorchina-ops.github.io/israel-election-simulator/sources/2026-10-07/Survey_4182.pdf,https://www.gov.il/BlobFolder/dynamiccollectorresultitem/knesset_election94/he/Survey_4182.pdf,2026-09-30,1013,False,מנדטים ארציים ואחוזים גולמיים בלתי משוקללים בכל מדגם בנפרד — אינם אחוזי קולות ארציים,1,לא מתכוון להצביע,,,,,,,,3.2,4.9,4.3,9.8,,,
Survey_4182.pdf,חדשות 13,2026-09-30,https://victorchina-ops.github.io/israel-election-simulator/sources/2026-10-07/Survey_4182.pdf,https://www.gov.il/BlobFolder/dynamiccollectorresultitem/knesset_election94/he/Survey_4182.pdf,2026-09-30,1013,False,נטיית מתלבטים בלבד — מכנים נפרדים לכל מדגם; אינם תמיכה ארצית,2,כחול לבן,gantz,,,,,,,0,0,0,0,,,
Survey_4182.pdf,חדשות 13,2026-09-30,https://victorchina-ops.github.io/israel-election-simulator/sources/2026-10-07/Survey_4182.pdf,https://www.gov.il/BlobFolder/dynamiccollectorresultitem/knesset_election94/he/Survey_4182.pdf,2026-09-30,1013,False,נטיית מתלבטים בלבד — מכנים נפרדים לכל מדגם; אינם תמיכה ארצית,2,ליכוד,likud,,,,,,,11.9,0,0,0,,,
Survey_4182.pdf,חדשות 13,2026-09-30,https://victorchina-ops.github.io/israel-election-simulator/sources/2026-10-07/Survey_4182.pdf,https://www.gov.il/BlobFolder/dynamiccollectorresultitem/knesset_election94/he/Survey_4182.pdf,2026-09-30,1013,False,נטיית מתלבטים בלבד — מכנים נפרדים לכל מדגם; אינם תמיכה ארצית,2,ש״ס,shas,,,,,,,1.5,0,13.3,0,,,
Survey_4182.pdf,חדשות 13,2026-09-30,https://victorchina-ops.github.io/israel-election-simulator/sources/2026-10-07/Survey_4182.pdf,https://www.gov.il/BlobFolder/dynamiccollectorresultitem/knesset_election94/he/Survey_4182.pdf,2026-09-30,1013,False,נטיית מתלבטים בלבד — מכנים נפרדים לכל מדגם; אינם תמיכה ארצית,2,הציונות הדתית,rz_zehut,,,,,,,0,25,0,0,,,
Survey_4182.pdf,חדשות 13,2026-09-30,https://victorchina-ops.github.io/israel-election-simulator/sources/2026-10-07/Survey_4182.pdf,https://www.gov.il/BlobFolder/dynamiccollectorresultitem/knesset_election94/he/Survey_4182.pdf,2026-09-30,1013,False,נטיית מתלבטים בלבד — מכנים נפרדים לכל מדגם; אינם תמיכה ארצית,2,יהדות התורה,utj,,,,,,,1.5,0,13.3,0,,,
Survey_4182.pdf,חדשות 13,2026-09-30,https://victorchina-ops.github.io/israel-election-simulator/sources/2026-10-07/Survey_4182.pdf,https://www.gov.il/BlobFolder/dynamiccollectorresultitem/knesset_election94/he/Survey_4182.pdf,2026-09-30,1013,False,נטיית מתלבטים בלבד — מכנים נפרדים לכל מדגם; אינם תמיכה ארצית,2,ישראל ביתנו,yisrael_beiteinu,,,,,,,7.5,0,0,0,,,
Survey_4182.pdf,חדשות 13,2026-09-30,https://victorchina-ops.github.io/israel-election-simulator/sources/2026-10-07/Survey_4182.pdf,https://www.gov.il/BlobFolder/dynamiccollectorresultitem/knesset_election94/he/Survey_4182.pdf,2026-09-30,1013,False,נטיית מתלבטים בלבד — מכנים נפרדים לכל מדגם; אינם תמיכה ארצית,2,עמך ישראל (וינטר),winter,,,,,,,3,25,0,0,,,
Survey_4182.pdf,חדשות 13,2026-09-30,https://victorchina-ops.github.io/israel-election-simulator/sources/2026-10-07/Survey_4182.pdf,https://www.gov.il/BlobFolder/dynamiccollectorresultitem/knesset_election94/he/Survey_4182.pdf,2026-09-30,1013,False,נטיית מתלבטים בלבד — מכנים נפרדים לכל מדגם; אינם תמיכה ארצית,2,רע״מ,raam,,,,,,,0,0,0,30.8,,,
Survey_4182.pdf,חדשות 13,2026-09-30,https://victorchina-ops.github.io/israel-election-simulator/sources/2026-10-07/Survey_4182.pdf,https://www.gov.il/BlobFolder/dynamiccollectorresultitem/knesset_election94/he/Survey_4182.pdf,2026-09-30,1013,False,נטיית מתלבטים בלבד — מכנים נפרדים לכל מדגם; אינם תמיכה ארצית,2,הרשימה המשותפת,joint,,,,,,,0,0,0,30.8,,,
Survey_4182.pdf,חדשות 13,2026-09-30,https://victorchina-ops.github.io/israel-election-simulator/sources/2026-10-07/Survey_4182.pdf,https://www.gov.il/BlobFolder/dynamiccollectorresultitem/knesset_election94/he/Survey_4182.pdf,2026-09-30,1013,False,נטיית מתלבטים בלבד — מכנים נפרדים לכל מדגם; אינם תמיכה ארצית,2,עוצמה יהודית,otzma,,,,,,,4.5,0,13.3,0,,,
Survey_4182.pdf,חדשות 13,2026-09-30,https://victorchina-ops.github.io/israel-election-simulator/sources/2026-10-07/Survey_4182.pdf,https://www.gov.il/BlobFolder/dynamiccollectorresultitem/knesset_election94/he/Survey_4182.pdf,2026-09-30,1013,False,נטיית מתלבטים בלבד — מכנים נפרדים לכל מדגם; אינם תמיכה ארצית,2,הדמוקרטים,democrats,,,,,,,1.5,25,0,7.7,,,
Survey_4182.pdf,חדשות 13,2026-09-30,https://victorchina-ops.github.io/israel-election-simulator/sources/2026-10-07/Survey_4182.pdf,https://www.gov.il/BlobFolder/dynamiccollectorresultitem/knesset_election94/he/Survey_4182.pdf,2026-09-30,1013,False,נטיית מתלבטים בלבד — מכנים נפרדים לכל מדגם; אינם תמיכה ארצית,2,ביחד,beyachad,,,,,,,10.4,0,0,0,,,
Survey_4182.pdf,חדשות 13,2026-09-30,https://victorchina-ops.github.io/israel-election-simulator/sources/2026-10-07/Survey_4182.pdf,https://www.gov.il/BlobFolder/dynamiccollectorresultitem/knesset_election94/he/Survey_4182.pdf,2026-09-30,1013,False,נטיית מתלבטים בלבד — מכנים נפרדים לכל מדגם; אינם תמיכה ארצית,2,ישר,yashar,,,,,,,9,25,0,0,,,
Survey_4182.pdf,חדשות 13,2026-09-30,https://victorchina-ops.github.io/israel-election-simulator/sources/2026-10-07/Survey_4182.pdf,https://www.gov.il/BlobFolder/dynamiccollectorresultitem/knesset_election94/he/Survey_4182.pdf,2026-09-30,1013,False,נטיית מתלבטים בלבד — מכנים נפרדים לכל מדגם; אינם תמיכה ארצית,2,המילואימניקים והכלכלית,hendel,,,,,,,3,0,0,0,,,
Survey_4182.pdf,חדשות 13,2026-09-30,https://victorchina-ops.github.io/israel-election-simulator/sources/2026-10-07/Survey_4182.pdf,https://www.gov.il/BlobFolder/dynamiccollectorresultitem/knesset_election94/he/Survey_4182.pdf,2026-09-30,1013,False,נטיית מתלבטים בלבד — מכנים נפרדים לכל מדגם; אינם תמיכה ארצית,2,הציבור החרדי,haredi_public,,,,,,,3,0,20,0,,,
Survey_4182.pdf,חדשות 13,2026-09-30,https://victorchina-ops.github.io/israel-election-simulator/sources/2026-10-07/Survey_4182.pdf,https://www.gov.il/BlobFolder/dynamiccollectorresultitem/knesset_election94/he/Survey_4182.pdf,2026-09-30,1013,False,נטיית מתלבטים בלבד — מכנים נפרדים לכל מדגם; אינם תמיכה ארצית,2,מפלגה אחרת,,,,,,,,0,0,13.3,0,,,
Survey_4182.pdf,חדשות 13,2026-09-30,https://victorchina-ops.github.io/israel-election-simulator/sources/2026-10-07/Survey_4182.pdf,https://www.gov.il/BlobFolder/dynamiccollectorresultitem/knesset_election94/he/Survey_4182.pdf,2026-09-30,1013,False,נטיית מתלבטים בלבד — מכנים נפרדים לכל מדגם; אינם תמיכה ארצית,2,פתק לבן,,,,,,,,0,0,6.7,0,,,
Survey_4182.pdf,חדשות 13,2026-09-30,https://victorchina-ops.github.io/israel-election-simulator/sources/2026-10-07/Survey_4182.pdf,https://www.gov.il/BlobFolder/dynamiccollectorresultitem/knesset_election94/he/Survey_4182.pdf,2026-09-30,1013,False,נטיית מתלבטים בלבד — מכנים נפרדים לכל מדגם; אינם תמיכה ארצית,2,עדיין לא החלטתי / באמת לא יודע,,,,,,,,43.3,0,20,30.8,,,
Survey_4182.pdf,חדשות 13,2026-09-30,https://victorchina-ops.github.io/israel-election-simulator/sources/2026-10-07/Survey_4182.pdf,https://www.gov.il/BlobFolder/dynamiccollectorresultitem/knesset_election94/he/Survey_4182.pdf,2026-09-30,1013,False,כוונת הצבעה — אחוזים גולמיים בלתי משוקללים בכל מדגם בנפרד,2,אצביע בוודאות,,,,,,,,73,73.8,67,73,,,
Survey_4182.pdf,חדשות 13,2026-09-30,https://victorchina-ops.github.io/israel-election-simulator/sources/2026-10-07/Survey_4182.pdf,https://www.gov.il/BlobFolder/dynamiccollectorresultitem/knesset_election94/he/Survey_4182.pdf,2026-09-30,1013,False,כוונת הצבעה — אחוזים גולמיים בלתי משוקללים בכל מדגם בנפרד,2,די בטוח/ה שאצביע,,,,,,,,18.5,18,21.7,16.4,,,
Survey_4182.pdf,חדשות 13,2026-09-30,https://victorchina-ops.github.io/israel-election-simulator/sources/2026-10-07/Survey_4182.pdf,https://www.gov.il/BlobFolder/dynamiccollectorresultitem/knesset_election94/he/Survey_4182.pdf,2026-09-30,1013,False,כוונת הצבעה — אחוזים גולמיים בלתי משוקללים בכל מדגם בנפרד,2,לא כל כך בטוח/ה שאצביע,,,,,,,,3,3.3,3.5,0.8,,,
Survey_4182.pdf,חדשות 13,2026-09-30,https://victorchina-ops.github.io/israel-election-simulator/sources/2026-10-07/Survey_4182.pdf,https://www.gov.il/BlobFolder/dynamiccollectorresultitem/knesset_election94/he/Survey_4182.pdf,2026-09-30,1013,False,כוונת הצבעה — אחוזים גולמיים בלתי משוקללים בכל מדגם בנפרד,2,סיכוי גדול שלא אצביע,,,,,,,,3.8,4.9,6.5,9.8,,,
Survey_4182.pdf,חדשות 13,2026-09-30,https://victorchina-ops.github.io/israel-election-simulator/sources/2026-10-07/Survey_4182.pdf,https://www.gov.il/BlobFolder/dynamiccollectorresultitem/knesset_election94/he/Survey_4182.pdf,2026-09-30,1013,False,כוונת הצבעה — אחוזים גולמיים בלתי משוקללים בכל מדגם בנפרד,2,לא יודע/ת,,,,,,,,1.7,0,1.3,0,,,
c14-1716250.html,חדשות 14,2026-09-28,https://victorchina-ops.github.io/israel-election-simulator/sources/2026-09-28/c14-1716250.html,https://www.c14.co.il/article/1716250,2026-09-28,573,False,המנדטים והאחוזים שפורסמו — תא ריק משמעו נתון חסר,1,ישר!,yashar,21,,,,,,,,,,,,
c14-1716250.html,חדשות 14,2026-09-28,https://victorchina-ops.github.io/israel-election-simulator/sources/2026-09-28/c14-1716250.html,https://www.c14.co.il/article/1716250,2026-09-28,573,False,המנדטים והאחוזים שפורסמו — תא ריק משמעו נתון חסר,1,הליכוד,likud,31,,,,,,,,,,,,
c14-1716250.html,חדשות 14,2026-09-28,https://victorchina-ops.github.io/israel-election-simulator/sources/2026-09-28/c14-1716250.html,https://www.c14.co.il/article/1716250,2026-09-28,573,False,המנדטים והאחוזים שפורסמו — תא ריק משמעו נתון חסר,1,ביחד,beyachad,9,,,,,,,,,,,,
c14-1716250.html,חדשות 14,2026-09-28,https://victorchina-ops.github.io/israel-election-simulator/sources/2026-09-28/c14-1716250.html,https://www.c14.co.il/article/1716250,2026-09-28,573,False,המנדטים והאחוזים שפורסמו — תא ריק משמעו נתון חסר,1,הדמוקרטים,democrats,9,,,,,,,,,,,,
c14-1716250.html,חדשות 14,2026-09-28,https://victorchina-ops.github.io/israel-election-simulator/sources/2026-09-28/c14-1716250.html,https://www.c14.co.il/article/1716250,2026-09-28,573,False,המנדטים והאחוזים שפורסמו — תא ריק משמעו נתון חסר,1,ישראל ביתנו,yisrael_beiteinu,6,,,,,,,,,,,,
c14-1716250.html,חדשות 14,2026-09-28,https://victorchina-ops.github.io/israel-election-simulator/sources/2026-09-28/c14-1716250.html,https://www.c14.co.il/article/1716250,2026-09-28,573,False,המנדטים והאחוזים שפורסמו — תא ריק משמעו נתון חסר,1,יהדות התורה,utj,8,,,,,,,,,,,,
c14-1716250.html,חדשות 14,2026-09-28,https://victorchina-ops.github.io/israel-election-simulator/sources/2026-09-28/c14-1716250.html,https://www.c14.co.il/article/1716250,2026-09-28,573,False,המנדטים והאחוזים שפורסמו — תא ריק משמעו נתון חסר,1,הרשימה המשותפת,joint,7,,,,,,,,,,,,
c14-1716250.html,חדשות 14,2026-09-28,https://victorchina-ops.github.io/israel-election-simulator/sources/2026-09-28/c14-1716250.html,https://www.c14.co.il/article/1716250,2026-09-28,573,False,המנדטים והאחוזים שפורסמו — תא ריק משמעו נתון חסר,1,ש״ס,shas,10,,,,,,,,,,,,
c14-1716250.html,חדשות 14,2026-09-28,https://victorchina-ops.github.io/israel-election-simulator/sources/2026-09-28/c14-1716250.html,https://www.c14.co.il/article/1716250,2026-09-28,573,False,המנדטים והאחוזים שפורסמו — תא ריק משמעו נתון חסר,1,עוצמה יהודית,otzma,7,,,,,,,,,,,,
c14-1716250.html,חדשות 14,2026-09-28,https://victorchina-ops.github.io/israel-election-simulator/sources/2026-09-28/c14-1716250.html,https://www.c14.co.il/article/1716250,2026-09-28,573,False,המנדטים והאחוזים שפורסמו — תא ריק משמעו נתון חסר,1,הציונות הדתית–זהות,rz_zehut,7,,,,,,,,,,,,
c14-1716250.html,חדשות 14,2026-09-28,https://victorchina-ops.github.io/israel-election-simulator/sources/2026-09-28/c14-1716250.html,https://www.c14.co.il/article/1716250,2026-09-28,573,False,המנדטים והאחוזים שפורסמו — תא ריק משמעו נתון חסר,1,רע״ם,raam,5,,,,,,,,,,,,
c14-1716250.html,חדשות 14,2026-09-28,https://victorchina-ops.github.io/israel-election-simulator/sources/2026-09-28/c14-1716250.html,https://www.c14.co.il/article/1716250,2026-09-28,573,False,המנדטים והאחוזים שפורסמו — תא ריק משמעו נתון חסר,1,עמך ישראל,winter,0,1.6,,,,,,,,,,,
c14-1716250.html,חדשות 14,2026-09-28,https://victorchina-ops.github.io/israel-election-simulator/sources/2026-09-28/c14-1716250.html,https://www.c14.co.il/article/1716250,2026-09-28,573,False,המנדטים והאחוזים שפורסמו — תא ריק משמעו נתון חסר,1,המילואימניקים והכלכלית,hendel,0,2.1,,,,,,,,,,,
c14-1716250.html,חדשות 14,2026-09-28,https://victorchina-ops.github.io/israel-election-simulator/sources/2026-09-28/c14-1716250.html,https://www.c14.co.il/article/1716250,2026-09-28,573,False,המנדטים והאחוזים שפורסמו — תא ריק משמעו נתון חסר,1,כחול לבן,gantz,0,0.6,,,,,,,,,,,
c14-1716250.html,חדשות 14,2026-09-28,https://victorchina-ops.github.io/israel-election-simulator/sources/2026-09-28/c14-1716250.html,https://www.c14.co.il/article/1716250,2026-09-28,573,False,המנדטים והאחוזים שפורסמו — תא ריק משמעו נתון חסר,1,נעם לישראל,noam,0,0.2,,,,,,,,,,,
c14-1716250.html,חדשות 14,2026-09-28,https://victorchina-ops.github.io/israel-election-simulator/sources/2026-09-28/c14-1716250.html,https://www.c14.co.il/article/1716250,2026-09-28,573,False,המנדטים והאחוזים שפורסמו — תא ריק משמעו נתון חסר,1,הציבור החרדי,haredi_public,0,0.2,,,,,,,,,,,
c14-1716250.html,חדשות 14,2026-09-28,https://victorchina-ops.github.io/israel-election-simulator/sources/2026-09-28/c14-1716250.html,https://www.c14.co.il/article/1716250,2026-09-28,573,False,המנדטים והאחוזים שפורסמו — תא ריק משמעו נתון חסר,1,ישראל תחילה,israel_first,,,,,,,,,,,,,
c14-1716250.html,חדשות 14,2026-09-28,https://victorchina-ops.github.io/israel-election-simulator/sources/2026-09-28/c14-1716250.html,https://www.c14.co.il/article/1716250,2026-09-28,573,False,המנדטים והאחוזים שפורסמו — תא ריק משמעו נתון חסר,1,רשימות אחרות,other,,,,,,,,,,,,,
kan-sept27-1103667-primary.html,כאן חדשות,2026-09-27,https://victorchina-ops.github.io/israel-election-simulator/sources/2026-09-28/kan-sept27-1103667-primary.html,https://www.kan.org.il/content/kan-news/politic/1103667/,2026-09-27,552,False,המנדטים והאחוזים שפורסמו — תא ריק משמעו נתון חסר,1,ישר!,yashar,23,,,,,,,,,,,,
kan-sept27-1103667-primary.html,כאן חדשות,2026-09-27,https://victorchina-ops.github.io/israel-election-simulator/sources/2026-09-28/kan-sept27-1103667-primary.html,https://www.kan.org.il/content/kan-news/politic/1103667/,2026-09-27,552,False,המנדטים והאחוזים שפורסמו — תא ריק משמעו נתון חסר,1,הליכוד,likud,21,,,,,,,,,,,,
kan-sept27-1103667-primary.html,כאן חדשות,2026-09-27,https://victorchina-ops.github.io/israel-election-simulator/sources/2026-09-28/kan-sept27-1103667-primary.html,https://www.kan.org.il/content/kan-news/politic/1103667/,2026-09-27,552,False,המנדטים והאחוזים שפורסמו — תא ריק משמעו נתון חסר,1,ביחד,beyachad,11,,,,,,,,,,,,
kan-sept27-1103667-primary.html,כאן חדשות,2026-09-27,https://victorchina-ops.github.io/israel-election-simulator/sources/2026-09-28/kan-sept27-1103667-primary.html,https://www.kan.org.il/content/kan-news/politic/1103667/,2026-09-27,552,False,המנדטים והאחוזים שפורסמו — תא ריק משמעו נתון חסר,1,הדמוקרטים,democrats,9,,,,,,,,,,,,
kan-sept27-1103667-primary.html,כאן חדשות,2026-09-27,https://victorchina-ops.github.io/israel-election-simulator/sources/2026-09-28/kan-sept27-1103667-primary.html,https://www.kan.org.il/content/kan-news/politic/1103667/,2026-09-27,552,False,המנדטים והאחוזים שפורסמו — תא ריק משמעו נתון חסר,1,ישראל ביתנו,yisrael_beiteinu,9,,,,,,,,,,,,
kan-sept27-1103667-primary.html,כאן חדשות,2026-09-27,https://victorchina-ops.github.io/israel-election-simulator/sources/2026-09-28/kan-sept27-1103667-primary.html,https://www.kan.org.il/content/kan-news/politic/1103667/,2026-09-27,552,False,המנדטים והאחוזים שפורסמו — תא ריק משמעו נתון חסר,1,יהדות התורה,utj,7,,,,,,,,,,,,
kan-sept27-1103667-primary.html,כאן חדשות,2026-09-27,https://victorchina-ops.github.io/israel-election-simulator/sources/2026-09-28/kan-sept27-1103667-primary.html,https://www.kan.org.il/content/kan-news/politic/1103667/,2026-09-27,552,False,המנדטים והאחוזים שפורסמו — תא ריק משמעו נתון חסר,1,הרשימה המשותפת,joint,7,,,,,,,,,,,,
kan-sept27-1103667-primary.html,כאן חדשות,2026-09-27,https://victorchina-ops.github.io/israel-election-simulator/sources/2026-09-28/kan-sept27-1103667-primary.html,https://www.kan.org.il/content/kan-news/politic/1103667/,2026-09-27,552,False,המנדטים והאחוזים שפורסמו — תא ריק משמעו נתון חסר,1,ש״ס,shas,7,,,,,,,,,,,,
kan-sept27-1103667-primary.html,כאן חדשות,2026-09-27,https://victorchina-ops.github.io/israel-election-simulator/sources/2026-09-28/kan-sept27-1103667-primary.html,https://www.kan.org.il/content/kan-news/politic/1103667/,2026-09-27,552,False,המנדטים והאחוזים שפורסמו — תא ריק משמעו נתון חסר,1,עוצמה יהודית,otzma,7,,,,,,,,,,,,
kan-sept27-1103667-primary.html,כאן חדשות,2026-09-27,https://victorchina-ops.github.io/israel-election-simulator/sources/2026-09-28/kan-sept27-1103667-primary.html,https://www.kan.org.il/content/kan-news/politic/1103667/,2026-09-27,552,False,המנדטים והאחוזים שפורסמו — תא ריק משמעו נתון חסר,1,הציונות הדתית–זהות,rz_zehut,6,,,,,,,,,,,,
kan-sept27-1103667-primary.html,כאן חדשות,2026-09-27,https://victorchina-ops.github.io/israel-election-simulator/sources/2026-09-28/kan-sept27-1103667-primary.html,https://www.kan.org.il/content/kan-news/politic/1103667/,2026-09-27,552,False,המנדטים והאחוזים שפורסמו — תא ריק משמעו נתון חסר,1,רע״ם,raam,5,,,,,,,,,,,,
kan-sept27-1103667-primary.html,כאן חדשות,2026-09-27,https://victorchina-ops.github.io/israel-election-simulator/sources/2026-09-28/kan-sept27-1103667-primary.html,https://www.kan.org.il/content/kan-news/politic/1103667/,2026-09-27,552,False,המנדטים והאחוזים שפורסמו — תא ריק משמעו נתון חסר,1,עמך ישראל,winter,4,,,,,,,,,,,,
kan-sept27-1103667-primary.html,כאן חדשות,2026-09-27,https://victorchina-ops.github.io/israel-election-simulator/sources/2026-09-28/kan-sept27-1103667-primary.html,https://www.kan.org.il/content/kan-news/politic/1103667/,2026-09-27,552,False,המנדטים והאחוזים שפורסמו — תא ריק משמעו נתון חסר,1,המילואימניקים והכלכלית,hendel,4,,,,,,,,,,,,
kan-sept27-1103667-primary.html,כאן חדשות,2026-09-27,https://victorchina-ops.github.io/israel-election-simulator/sources/2026-09-28/kan-sept27-1103667-primary.html,https://www.kan.org.il/content/kan-news/politic/1103667/,2026-09-27,552,False,המנדטים והאחוזים שפורסמו — תא ריק משמעו נתון חסר,1,כחול לבן,gantz,0,0.7,,,,,,,,,,,
kan-sept27-1103667-primary.html,כאן חדשות,2026-09-27,https://victorchina-ops.github.io/israel-election-simulator/sources/2026-09-28/kan-sept27-1103667-primary.html,https://www.kan.org.il/content/kan-news/politic/1103667/,2026-09-27,552,False,המנדטים והאחוזים שפורסמו — תא ריק משמעו נתון חסר,1,נעם לישראל,noam,0,0.4,,,,,,,,,,,
kan-sept27-1103667-primary.html,כאן חדשות,2026-09-27,https://victorchina-ops.github.io/israel-election-simulator/sources/2026-09-28/kan-sept27-1103667-primary.html,https://www.kan.org.il/content/kan-news/politic/1103667/,2026-09-27,552,False,המנדטים והאחוזים שפורסמו — תא ריק משמעו נתון חסר,1,הציבור החרדי,haredi_public,0,0.9,,,,,,,,,,,
kan-sept27-1103667-primary.html,כאן חדשות,2026-09-27,https://victorchina-ops.github.io/israel-election-simulator/sources/2026-09-28/kan-sept27-1103667-primary.html,https://www.kan.org.il/content/kan-news/politic/1103667/,2026-09-27,552,False,המנדטים והאחוזים שפורסמו — תא ריק משמעו נתון חסר,1,ישראל תחילה,israel_first,,,,,,,,,,,,,
kan-sept27-1103667-primary.html,כאן חדשות,2026-09-27,https://victorchina-ops.github.io/israel-election-simulator/sources/2026-09-28/kan-sept27-1103667-primary.html,https://www.kan.org.il/content/kan-news/politic/1103667/,2026-09-27,552,False,המנדטים והאחוזים שפורסמו — תא ריק משמעו נתון חסר,1,רשימות אחרות,other,,,,,,,,,,,,,
kan-sept27-1103667-primary.html,כאן חדשות,2026-09-27,https://victorchina-ops.github.io/israel-election-simulator/sources/2026-09-28/kan-sept27-1103667-primary.html,https://www.kan.org.il/content/kan-news/politic/1103667/,2026-09-27,552,False,המנדטים והאחוזים שפורסמו — תא ריק משמעו נתון חסר,1,צבע שחור — מגן עולם התורה,,0,0.6,,,,,,,,,,,
themadad-allpolls.html,ערוץ 16,2026-09-24,https://victorchina-ops.github.io/israel-election-simulator/sources/2026-09-25/themadad-allpolls.html,,,500,False,המנדטים והאחוזים שפורסמו — תא ריק משמעו נתון חסר,1,ישר!,yashar,23,,,,,,,,,,,,
themadad-allpolls.html,ערוץ 16,2026-09-24,https://victorchina-ops.github.io/israel-election-simulator/sources/2026-09-25/themadad-allpolls.html,,,500,False,המנדטים והאחוזים שפורסמו — תא ריק משמעו נתון חסר,1,הליכוד,likud,19,,,,,,,,,,,,
themadad-allpolls.html,ערוץ 16,2026-09-24,https://victorchina-ops.github.io/israel-election-simulator/sources/2026-09-25/themadad-allpolls.html,,,500,False,המנדטים והאחוזים שפורסמו — תא ריק משמעו נתון חסר,1,ביחד,beyachad,13,,,,,,,,,,,,
themadad-allpolls.html,ערוץ 16,2026-09-24,https://victorchina-ops.github.io/israel-election-simulator/sources/2026-09-25/themadad-allpolls.html,,,500,False,המנדטים והאחוזים שפורסמו — תא ריק משמעו נתון חסר,1,הדמוקרטים,democrats,8,,,,,,,,,,,,
themadad-allpolls.html,ערוץ 16,2026-09-24,https://victorchina-ops.github.io/israel-election-simulator/sources/2026-09-25/themadad-allpolls.html,,,500,False,המנדטים והאחוזים שפורסמו — תא ריק משמעו נתון חסר,1,ישראל ביתנו,yisrael_beiteinu,8,,,,,,,,,,,,
themadad-allpolls.html,ערוץ 16,2026-09-24,https://victorchina-ops.github.io/israel-election-simulator/sources/2026-09-25/themadad-allpolls.html,,,500,False,המנדטים והאחוזים שפורסמו — תא ריק משמעו נתון חסר,1,יהדות התורה,utj,7,,,,,,,,,,,,
themadad-allpolls.html,ערוץ 16,2026-09-24,https://victorchina-ops.github.io/israel-election-simulator/sources/2026-09-25/themadad-allpolls.html,,,500,False,המנדטים והאחוזים שפורסמו — תא ריק משמעו נתון חסר,1,הרשימה המשותפת,joint,7,,,,,,,,,,,,
themadad-allpolls.html,ערוץ 16,2026-09-24,https://victorchina-ops.github.io/israel-election-simulator/sources/2026-09-25/themadad-allpolls.html,,,500,False,המנדטים והאחוזים שפורסמו — תא ריק משמעו נתון חסר,1,ש״ס,shas,8,,,,,,,,,,,,
themadad-allpolls.html,ערוץ 16,2026-09-24,https://victorchina-ops.github.io/israel-election-simulator/sources/2026-09-25/themadad-allpolls.html,,,500,False,המנדטים והאחוזים שפורסמו — תא ריק משמעו נתון חסר,1,עוצמה יהודית,otzma,9,,,,,,,,,,,,
themadad-allpolls.html,ערוץ 16,2026-09-24,https://victorchina-ops.github.io/israel-election-simulator/sources/2026-09-25/themadad-allpolls.html,,,500,False,המנדטים והאחוזים שפורסמו — תא ריק משמעו נתון חסר,1,הציונות הדתית–זהות,rz_zehut,5,,,,,,,,,,,,
themadad-allpolls.html,ערוץ 16,2026-09-24,https://victorchina-ops.github.io/israel-election-simulator/sources/2026-09-25/themadad-allpolls.html,,,500,False,המנדטים והאחוזים שפורסמו — תא ריק משמעו נתון חסר,1,רע״ם,raam,5,,,,,,,,,,,,
themadad-allpolls.html,ערוץ 16,2026-09-24,https://victorchina-ops.github.io/israel-election-simulator/sources/2026-09-25/themadad-allpolls.html,,,500,False,המנדטים והאחוזים שפורסמו — תא ריק משמעו נתון חסר,1,עמך ישראל,winter,4,,,,,,,,,,,,
themadad-allpolls.html,ערוץ 16,2026-09-24,https://victorchina-ops.github.io/israel-election-simulator/sources/2026-09-25/themadad-allpolls.html,,,500,False,המנדטים והאחוזים שפורסמו — תא ריק משמעו נתון חסר,1,המילואימניקים והכלכלית,hendel,4,,,,,,,,,,,,
themadad-allpolls.html,ערוץ 16,2026-09-24,https://victorchina-ops.github.io/israel-election-simulator/sources/2026-09-25/themadad-allpolls.html,,,500,False,המנדטים והאחוזים שפורסמו — תא ריק משמעו נתון חסר,1,כחול לבן,gantz,0,,,,,,,,,,,,
themadad-allpolls.html,ערוץ 16,2026-09-24,https://victorchina-ops.github.io/israel-election-simulator/sources/2026-09-25/themadad-allpolls.html,,,500,False,המנדטים והאחוזים שפורסמו — תא ריק משמעו נתון חסר,1,נעם לישראל,noam,,,,,,,,,,,,,
themadad-allpolls.html,ערוץ 16,2026-09-24,https://victorchina-ops.github.io/israel-election-simulator/sources/2026-09-25/themadad-allpolls.html,,,500,False,המנדטים והאחוזים שפורסמו — תא ריק משמעו נתון חסר,1,הציבור החרדי,haredi_public,0,,,,,,,,,,,,
themadad-allpolls.html,ערוץ 16,2026-09-24,https://victorchina-ops.github.io/israel-election-simulator/sources/2026-09-25/themadad-allpolls.html,,,500,False,המנדטים והאחוזים שפורסמו — תא ריק משמעו נתון חסר,1,ישראל תחילה,israel_first,,,,,,,,,,,,,
themadad-allpolls.html,ערוץ 16,2026-09-24,https://victorchina-ops.github.io/israel-election-simulator/sources/2026-09-25/themadad-allpolls.html,,,500,False,המנדטים והאחוזים שפורסמו — תא ריק משמעו נתון חסר,1,רשימות אחרות,other,,,,,,,,,,,,,
channel14-2026-09-23-primary.html,חדשות 14,2026-09-23,https://victorchina-ops.github.io/israel-election-simulator/sources/2026-09-25/channel14-2026-09-23-primary.html,https://www.c14.co.il/article/1711606,2026-09-23,647,False,המנדטים והאחוזים שפורסמו — תא ריק משמעו נתון חסר,1,ישר!,yashar,22,,,,,,,,,,,,
channel14-2026-09-23-primary.html,חדשות 14,2026-09-23,https://victorchina-ops.github.io/israel-election-simulator/sources/2026-09-25/channel14-2026-09-23-primary.html,https://www.c14.co.il/article/1711606,2026-09-23,647,False,המנדטים והאחוזים שפורסמו — תא ריק משמעו נתון חסר,1,הליכוד,likud,32,,,,,,,,,,,,
channel14-2026-09-23-primary.html,חדשות 14,2026-09-23,https://victorchina-ops.github.io/israel-election-simulator/sources/2026-09-25/channel14-2026-09-23-primary.html,https://www.c14.co.il/article/1711606,2026-09-23,647,False,המנדטים והאחוזים שפורסמו — תא ריק משמעו נתון חסר,1,ביחד,beyachad,7,,,,,,,,,,,,
channel14-2026-09-23-primary.html,חדשות 14,2026-09-23,https://victorchina-ops.github.io/israel-election-simulator/sources/2026-09-25/channel14-2026-09-23-primary.html,https://www.c14.co.il/article/1711606,2026-09-23,647,False,המנדטים והאחוזים שפורסמו — תא ריק משמעו נתון חסר,1,הדמוקרטים,democrats,9,,,,,,,,,,,,
channel14-2026-09-23-primary.html,חדשות 14,2026-09-23,https://victorchina-ops.github.io/israel-election-simulator/sources/2026-09-25/channel14-2026-09-23-primary.html,https://www.c14.co.il/article/1711606,2026-09-23,647,False,המנדטים והאחוזים שפורסמו — תא ריק משמעו נתון חסר,1,ישראל ביתנו,yisrael_beiteinu,7,,,,,,,,,,,,
channel14-2026-09-23-primary.html,חדשות 14,2026-09-23,https://victorchina-ops.github.io/israel-election-simulator/sources/2026-09-25/channel14-2026-09-23-primary.html,https://www.c14.co.il/article/1711606,2026-09-23,647,False,המנדטים והאחוזים שפורסמו — תא ריק משמעו נתון חסר,1,יהדות התורה,utj,7,,,,,,,,,,,,
channel14-2026-09-23-primary.html,חדשות 14,2026-09-23,https://victorchina-ops.github.io/israel-election-simulator/sources/2026-09-25/channel14-2026-09-23-primary.html,https://www.c14.co.il/article/1711606,2026-09-23,647,False,המנדטים והאחוזים שפורסמו — תא ריק משמעו נתון חסר,1,הרשימה המשותפת,joint,7,,,,,,,,,,,,
channel14-2026-09-23-primary.html,חדשות 14,2026-09-23,https://victorchina-ops.github.io/israel-election-simulator/sources/2026-09-25/channel14-2026-09-23-primary.html,https://www.c14.co.il/article/1711606,2026-09-23,647,False,המנדטים והאחוזים שפורסמו — תא ריק משמעו נתון חסר,1,ש״ס,shas,11,,,,,,,,,,,,
channel14-2026-09-23-primary.html,חדשות 14,2026-09-23,https://victorchina-ops.github.io/israel-election-simulator/sources/2026-09-25/channel14-2026-09-23-primary.html,https://www.c14.co.il/article/1711606,2026-09-23,647,False,המנדטים והאחוזים שפורסמו — תא ריק משמעו נתון חסר,1,עוצמה יהודית,otzma,6,,,,,,,,,,,,
channel14-2026-09-23-primary.html,חדשות 14,2026-09-23,https://victorchina-ops.github.io/israel-election-simulator/sources/2026-09-25/channel14-2026-09-23-primary.html,https://www.c14.co.il/article/1711606,2026-09-23,647,False,המנדטים והאחוזים שפורסמו — תא ריק משמעו נתון חסר,1,הציונות הדתית–זהות,rz_zehut,7,,,,,,,,,,,,
channel14-2026-09-23-primary.html,חדשות 14,2026-09-23,https://victorchina-ops.github.io/israel-election-simulator/sources/2026-09-25/channel14-2026-09-23-primary.html,https://www.c14.co.il/article/1711606,2026-09-23,647,False,המנדטים והאחוזים שפורסמו — תא ריק משמעו נתון חסר,1,רע״ם,raam,5,,,,,,,,,,,,
channel14-2026-09-23-primary.html,חדשות 14,2026-09-23,https://victorchina-ops.github.io/israel-election-simulator/sources/2026-09-25/channel14-2026-09-23-primary.html,https://www.c14.co.il/article/1711606,2026-09-23,647,False,המנדטים והאחוזים שפורסמו — תא ריק משמעו נתון חסר,1,עמך ישראל,winter,0,1.9,,,,,,,,,,,
channel14-2026-09-23-primary.html,חדשות 14,2026-09-23,https://victorchina-ops.github.io/israel-election-simulator/sources/2026-09-25/channel14-2026-09-23-primary.html,https://www.c14.co.il/article/1711606,2026-09-23,647,False,המנדטים והאחוזים שפורסמו — תא ריק משמעו נתון חסר,1,המילואימניקים והכלכלית,hendel,0,2.2,,,,,,,,,,,
channel14-2026-09-23-primary.html,חדשות 14,2026-09-23,https://victorchina-ops.github.io/israel-election-simulator/sources/2026-09-25/channel14-2026-09-23-primary.html,https://www.c14.co.il/article/1711606,2026-09-23,647,False,המנדטים והאחוזים שפורסמו — תא ריק משמעו נתון חסר,1,כחול לבן,gantz,0,0.3,,,,,,,,,,,
channel14-2026-09-23-primary.html,חדשות 14,2026-09-23,https://victorchina-ops.github.io/israel-election-simulator/sources/2026-09-25/channel14-2026-09-23-primary.html,https://www.c14.co.il/article/1711606,2026-09-23,647,False,המנדטים והאחוזים שפורסמו — תא ריק משמעו נתון חסר,1,נעם לישראל,noam,0,0.1,,,,,,,,,,,
channel14-2026-09-23-primary.html,חדשות 14,2026-09-23,https://victorchina-ops.github.io/israel-election-simulator/sources/2026-09-25/channel14-2026-09-23-primary.html,https://www.c14.co.il/article/1711606,2026-09-23,647,False,המנדטים והאחוזים שפורסמו — תא ריק משמעו נתון חסר,1,הציבור החרדי,haredi_public,0,0.5,,,,,,,,,,,
channel14-2026-09-23-primary.html,חדשות 14,2026-09-23,https://victorchina-ops.github.io/israel-election-simulator/sources/2026-09-25/channel14-2026-09-23-primary.html,https://www.c14.co.il/article/1711606,2026-09-23,647,False,המנדטים והאחוזים שפורסמו — תא ריק משמעו נתון חסר,1,ישראל תחילה,israel_first,,,,,,,,,,,,,
channel14-2026-09-23-primary.html,חדשות 14,2026-09-23,https://victorchina-ops.github.io/israel-election-simulator/sources/2026-09-25/channel14-2026-09-23-primary.html,https://www.c14.co.il/article/1711606,2026-09-23,647,False,המנדטים והאחוזים שפורסמו — תא ריק משמעו נתון חסר,1,רשימות אחרות,other,,,,,,,,,,,,,
zman-2026-09-24-web-reader.txt,זמן ישראל,2026-09-24,https://victorchina-ops.github.io/israel-election-simulator/sources/2026-09-25/zman-2026-09-24-web-reader.txt,https://www.zman.co.il/727390/,2026-09-24,500,False,המנדטים והאחוזים שפורסמו — תא ריק משמעו נתון חסר,1,ישר!,yashar,23,,,,,,,,,,,,
zman-2026-09-24-web-reader.txt,זמן ישראל,2026-09-24,https://victorchina-ops.github.io/israel-election-simulator/sources/2026-09-25/zman-2026-09-24-web-reader.txt,https://www.zman.co.il/727390/,2026-09-24,500,False,המנדטים והאחוזים שפורסמו — תא ריק משמעו נתון חסר,1,הליכוד,likud,21,,,,,,,,,,,,
zman-2026-09-24-web-reader.txt,זמן ישראל,2026-09-24,https://victorchina-ops.github.io/israel-election-simulator/sources/2026-09-25/zman-2026-09-24-web-reader.txt,https://www.zman.co.il/727390/,2026-09-24,500,False,המנדטים והאחוזים שפורסמו — תא ריק משמעו נתון חסר,1,ביחד,beyachad,12,,,,,,,,,,,,
zman-2026-09-24-web-reader.txt,זמן ישראל,2026-09-24,https://victorchina-ops.github.io/israel-election-simulator/sources/2026-09-25/zman-2026-09-24-web-reader.txt,https://www.zman.co.il/727390/,2026-09-24,500,False,המנדטים והאחוזים שפורסמו — תא ריק משמעו נתון חסר,1,הדמוקרטים,democrats,8,,,,,,,,,,,,
zman-2026-09-24-web-reader.txt,זמן ישראל,2026-09-24,https://victorchina-ops.github.io/israel-election-simulator/sources/2026-09-25/zman-2026-09-24-web-reader.txt,https://www.zman.co.il/727390/,2026-09-24,500,False,המנדטים והאחוזים שפורסמו — תא ריק משמעו נתון חסר,1,ישראל ביתנו,yisrael_beiteinu,10,,,,,,,,,,,,
zman-2026-09-24-web-reader.txt,זמן ישראל,2026-09-24,https://victorchina-ops.github.io/israel-election-simulator/sources/2026-09-25/zman-2026-09-24-web-reader.txt,https://www.zman.co.il/727390/,2026-09-24,500,False,המנדטים והאחוזים שפורסמו — תא ריק משמעו נתון חסר,1,יהדות התורה,utj,8,,,,,,,,,,,,
zman-2026-09-24-web-reader.txt,זמן ישראל,2026-09-24,https://victorchina-ops.github.io/israel-election-simulator/sources/2026-09-25/zman-2026-09-24-web-reader.txt,https://www.zman.co.il/727390/,2026-09-24,500,False,המנדטים והאחוזים שפורסמו — תא ריק משמעו נתון חסר,1,הרשימה המשותפת,joint,8,,,,,,,,,,,,
zman-2026-09-24-web-reader.txt,זמן ישראל,2026-09-24,https://victorchina-ops.github.io/israel-election-simulator/sources/2026-09-25/zman-2026-09-24-web-reader.txt,https://www.zman.co.il/727390/,2026-09-24,500,False,המנדטים והאחוזים שפורסמו — תא ריק משמעו נתון חסר,1,ש״ס,shas,10,,,,,,,,,,,,
zman-2026-09-24-web-reader.txt,זמן ישראל,2026-09-24,https://victorchina-ops.github.io/israel-election-simulator/sources/2026-09-25/zman-2026-09-24-web-reader.txt,https://www.zman.co.il/727390/,2026-09-24,500,False,המנדטים והאחוזים שפורסמו — תא ריק משמעו נתון חסר,1,עוצמה יהודית,otzma,6,,,,,,,,,,,,
zman-2026-09-24-web-reader.txt,זמן ישראל,2026-09-24,https://victorchina-ops.github.io/israel-election-simulator/sources/2026-09-25/zman-2026-09-24-web-reader.txt,https://www.zman.co.il/727390/,2026-09-24,500,False,המנדטים והאחוזים שפורסמו — תא ריק משמעו נתון חסר,1,הציונות הדתית–זהות,rz_zehut,4,,,,,,,,,,,,
zman-2026-09-24-web-reader.txt,זמן ישראל,2026-09-24,https://victorchina-ops.github.io/israel-election-simulator/sources/2026-09-25/zman-2026-09-24-web-reader.txt,https://www.zman.co.il/727390/,2026-09-24,500,False,המנדטים והאחוזים שפורסמו — תא ריק משמעו נתון חסר,1,רע״ם,raam,6,,,,,,,,,,,,
zman-2026-09-24-web-reader.txt,זמן ישראל,2026-09-24,https://victorchina-ops.github.io/israel-election-simulator/sources/2026-09-25/zman-2026-09-24-web-reader.txt,https://www.zman.co.il/727390/,2026-09-24,500,False,המנדטים והאחוזים שפורסמו — תא ריק משמעו נתון חסר,1,עמך ישראל,winter,4,,,,,,,,,,,,
zman-2026-09-24-web-reader.txt,זמן ישראל,2026-09-24,https://victorchina-ops.github.io/israel-election-simulator/sources/2026-09-25/zman-2026-09-24-web-reader.txt,https://www.zman.co.il/727390/,2026-09-24,500,False,המנדטים והאחוזים שפורסמו — תא ריק משמעו נתון חסר,1,המילואימניקים והכלכלית,hendel,0,2.6,,,,,,,,,,,
zman-2026-09-24-web-reader.txt,זמן ישראל,2026-09-24,https://victorchina-ops.github.io/israel-election-simulator/sources/2026-09-25/zman-2026-09-24-web-reader.txt,https://www.zman.co.il/727390/,2026-09-24,500,False,המנדטים והאחוזים שפורסמו — תא ריק משמעו נתון חסר,1,כחול לבן,gantz,0,1.6,,,,,,,,,,,
zman-2026-09-24-web-reader.txt,זמן ישראל,2026-09-24,https://victorchina-ops.github.io/israel-election-simulator/sources/2026-09-25/zman-2026-09-24-web-reader.txt,https://www.zman.co.il/727390/,2026-09-24,500,False,המנדטים והאחוזים שפורסמו — תא ריק משמעו נתון חסר,1,נעם לישראל,noam,,,,,,,,,,,,,
zman-2026-09-24-web-reader.txt,זמן ישראל,2026-09-24,https://victorchina-ops.github.io/israel-election-simulator/sources/2026-09-25/zman-2026-09-24-web-reader.txt,https://www.zman.co.il/727390/,2026-09-24,500,False,המנדטים והאחוזים שפורסמו — תא ריק משמעו נתון חסר,1,הציבור החרדי,haredi_public,,,,,,,,,,,,,
zman-2026-09-24-web-reader.txt,זמן ישראל,2026-09-24,https://victorchina-ops.github.io/israel-election-simulator/sources/2026-09-25/zman-2026-09-24-web-reader.txt,https://www.zman.co.il/727390/,2026-09-24,500,False,המנדטים והאחוזים שפורסמו — תא ריק משמעו נתון חסר,1,ישראל תחילה,israel_first,,,,,,,,,,,,,
zman-2026-09-24-web-reader.txt,זמן ישראל,2026-09-24,https://victorchina-ops.github.io/israel-election-simulator/sources/2026-09-25/zman-2026-09-24-web-reader.txt,https://www.zman.co.il/727390/,2026-09-24,500,False,המנדטים והאחוזים שפורסמו — תא ריק משמעו נתון חסר,1,רשימות אחרות,other,,,,,,,,,,,,,
i24-2026-09-24.html,i24NEWS,2026-09-24,https://victorchina-ops.github.io/israel-election-simulator/sources/2026-09-25/i24-2026-09-24.html,https://www.i24news.tv/he/news/israel-elections-2026/polls/artc-5d1d4577,2026-09-24,537,False,המנדטים והאחוזים שפורסמו — תא ריק משמעו נתון חסר,1,ישר!,yashar,22,,,,,,,,,,,,
i24-2026-09-24.html,i24NEWS,2026-09-24,https://victorchina-ops.github.io/israel-election-simulator/sources/2026-09-25/i24-2026-09-24.html,https://www.i24news.tv/he/news/israel-elections-2026/polls/artc-5d1d4577,2026-09-24,537,False,המנדטים והאחוזים שפורסמו — תא ריק משמעו נתון חסר,1,הליכוד,likud,27,,,,,,,,,,,,
i24-2026-09-24.html,i24NEWS,2026-09-24,https://victorchina-ops.github.io/israel-election-simulator/sources/2026-09-25/i24-2026-09-24.html,https://www.i24news.tv/he/news/israel-elections-2026/polls/artc-5d1d4577,2026-09-24,537,False,המנדטים והאחוזים שפורסמו — תא ריק משמעו נתון חסר,1,ביחד,beyachad,9,,,,,,,,,,,,
i24-2026-09-24.html,i24NEWS,2026-09-24,https://victorchina-ops.github.io/israel-election-simulator/sources/2026-09-25/i24-2026-09-24.html,https://www.i24news.tv/he/news/israel-elections-2026/polls/artc-5d1d4577,2026-09-24,537,False,המנדטים והאחוזים שפורסמו — תא ריק משמעו נתון חסר,1,הדמוקרטים,democrats,9,,,,,,,,,,,,
i24-2026-09-24.html,i24NEWS,2026-09-24,https://victorchina-ops.github.io/israel-election-simulator/sources/2026-09-25/i24-2026-09-24.html,https://www.i24news.tv/he/news/israel-elections-2026/polls/artc-5d1d4577,2026-09-24,537,False,המנדטים והאחוזים שפורסמו — תא ריק משמעו נתון חסר,1,ישראל ביתנו,yisrael_beiteinu,7,,,,,,,,,,,,
i24-2026-09-24.html,i24NEWS,2026-09-24,https://victorchina-ops.github.io/israel-election-simulator/sources/2026-09-25/i24-2026-09-24.html,https://www.i24news.tv/he/news/israel-elections-2026/polls/artc-5d1d4577,2026-09-24,537,False,המנדטים והאחוזים שפורסמו — תא ריק משמעו נתון חסר,1,יהדות התורה,utj,8,,,,,,,,,,,,
i24-2026-09-24.html,i24NEWS,2026-09-24,https://victorchina-ops.github.io/israel-election-simulator/sources/2026-09-25/i24-2026-09-24.html,https://www.i24news.tv/he/news/israel-elections-2026/polls/artc-5d1d4577,2026-09-24,537,False,המנדטים והאחוזים שפורסמו — תא ריק משמעו נתון חסר,1,הרשימה המשותפת,joint,7,,,,,,,,,,,,
i24-2026-09-24.html,i24NEWS,2026-09-24,https://victorchina-ops.github.io/israel-election-simulator/sources/2026-09-25/i24-2026-09-24.html,https://www.i24news.tv/he/news/israel-elections-2026/polls/artc-5d1d4577,2026-09-24,537,False,המנדטים והאחוזים שפורסמו — תא ריק משמעו נתון חסר,1,ש״ס,shas,7,,,,,,,,,,,,
i24-2026-09-24.html,i24NEWS,2026-09-24,https://victorchina-ops.github.io/israel-election-simulator/sources/2026-09-25/i24-2026-09-24.html,https://www.i24news.tv/he/news/israel-elections-2026/polls/artc-5d1d4577,2026-09-24,537,False,המנדטים והאחוזים שפורסמו — תא ריק משמעו נתון חסר,1,עוצמה יהודית,otzma,8,,,,,,,,,,,,
i24-2026-09-24.html,i24NEWS,2026-09-24,https://victorchina-ops.github.io/israel-election-simulator/sources/2026-09-25/i24-2026-09-24.html,https://www.i24news.tv/he/news/israel-elections-2026/polls/artc-5d1d4577,2026-09-24,537,False,המנדטים והאחוזים שפורסמו — תא ריק משמעו נתון חסר,1,הציונות הדתית–זהות,rz_zehut,6,,,,,,,,,,,,
i24-2026-09-24.html,i24NEWS,2026-09-24,https://victorchina-ops.github.io/israel-election-simulator/sources/2026-09-25/i24-2026-09-24.html,https://www.i24news.tv/he/news/israel-elections-2026/polls/artc-5d1d4577,2026-09-24,537,False,המנדטים והאחוזים שפורסמו — תא ריק משמעו נתון חסר,1,רע״ם,raam,6,,,,,,,,,,,,
i24-2026-09-24.html,i24NEWS,2026-09-24,https://victorchina-ops.github.io/israel-election-simulator/sources/2026-09-25/i24-2026-09-24.html,https://www.i24news.tv/he/news/israel-elections-2026/polls/artc-5d1d4577,2026-09-24,537,False,המנדטים והאחוזים שפורסמו — תא ריק משמעו נתון חסר,1,עמך ישראל,winter,4,,,,,,,,,,,,
i24-2026-09-24.html,i24NEWS,2026-09-24,https://victorchina-ops.github.io/israel-election-simulator/sources/2026-09-25/i24-2026-09-24.html,https://www.i24news.tv/he/news/israel-elections-2026/polls/artc-5d1d4577,2026-09-24,537,False,המנדטים והאחוזים שפורסמו — תא ריק משמעו נתון חסר,1,המילואימניקים והכלכלית,hendel,0,1.6,,,,,,,,,,,
i24-2026-09-24.html,i24NEWS,2026-09-24,https://victorchina-ops.github.io/israel-election-simulator/sources/2026-09-25/i24-2026-09-24.html,https://www.i24news.tv/he/news/israel-elections-2026/polls/artc-5d1d4577,2026-09-24,537,False,המנדטים והאחוזים שפורסמו — תא ריק משמעו נתון חסר,1,כחול לבן,gantz,0,,,,,,,,,,פחות מ־1%,,
i24-2026-09-24.html,i24NEWS,2026-09-24,https://victorchina-ops.github.io/israel-election-simulator/sources/2026-09-25/i24-2026-09-24.html,https://www.i24news.tv/he/news/israel-elections-2026/polls/artc-5d1d4577,2026-09-24,537,False,המנדטים והאחוזים שפורסמו — תא ריק משמעו נתון חסר,1,נעם לישראל,noam,0,,,,,,,,,,פחות מ־1%,,
i24-2026-09-24.html,i24NEWS,2026-09-24,https://victorchina-ops.github.io/israel-election-simulator/sources/2026-09-25/i24-2026-09-24.html,https://www.i24news.tv/he/news/israel-elections-2026/polls/artc-5d1d4577,2026-09-24,537,False,המנדטים והאחוזים שפורסמו — תא ריק משמעו נתון חסר,1,הציבור החרדי,haredi_public,0,,,,,,,,,,פחות מ־1%,,
i24-2026-09-24.html,i24NEWS,2026-09-24,https://victorchina-ops.github.io/israel-election-simulator/sources/2026-09-25/i24-2026-09-24.html,https://www.i24news.tv/he/news/israel-elections-2026/polls/artc-5d1d4577,2026-09-24,537,False,המנדטים והאחוזים שפורסמו — תא ריק משמעו נתון חסר,1,ישראל תחילה,israel_first,0,,,,,,,,,,פחות מ־1%,,
i24-2026-09-24.html,i24NEWS,2026-09-24,https://victorchina-ops.github.io/israel-election-simulator/sources/2026-09-25/i24-2026-09-24.html,https://www.i24news.tv/he/news/israel-elections-2026/polls/artc-5d1d4577,2026-09-24,537,False,המנדטים והאחוזים שפורסמו — תא ריק משמעו נתון חסר,1,רשימות אחרות,other,,,,,,,,,,,,,
maariv-lazar-2026-09-25-1370546.html,מעריב,2026-09-25,https://victorchina-ops.github.io/israel-election-simulator/sources/2026-09-25/maariv-lazar-2026-09-25-1370546.html,https://www.maariv.co.il/news/elections-2026/article-1370546,2026-09-24,610,False,המנדטים והאחוזים שפורסמו — תא ריק משמעו נתון חסר,1,ישר!,yashar,22,,,,,,,,,,,,
maariv-lazar-2026-09-25-1370546.html,מעריב,2026-09-25,https://victorchina-ops.github.io/israel-election-simulator/sources/2026-09-25/maariv-lazar-2026-09-25-1370546.html,https://www.maariv.co.il/news/elections-2026/article-1370546,2026-09-24,610,False,המנדטים והאחוזים שפורסמו — תא ריק משמעו נתון חסר,1,הליכוד,likud,18,,,,,,,,,,,,
maariv-lazar-2026-09-25-1370546.html,מעריב,2026-09-25,https://victorchina-ops.github.io/israel-election-simulator/sources/2026-09-25/maariv-lazar-2026-09-25-1370546.html,https://www.maariv.co.il/news/elections-2026/article-1370546,2026-09-24,610,False,המנדטים והאחוזים שפורסמו — תא ריק משמעו נתון חסר,1,ביחד,beyachad,13,,,,,,,,,,,,
maariv-lazar-2026-09-25-1370546.html,מעריב,2026-09-25,https://victorchina-ops.github.io/israel-election-simulator/sources/2026-09-25/maariv-lazar-2026-09-25-1370546.html,https://www.maariv.co.il/news/elections-2026/article-1370546,2026-09-24,610,False,המנדטים והאחוזים שפורסמו — תא ריק משמעו נתון חסר,1,הדמוקרטים,democrats,11,,,,,,,,,,,,
maariv-lazar-2026-09-25-1370546.html,מעריב,2026-09-25,https://victorchina-ops.github.io/israel-election-simulator/sources/2026-09-25/maariv-lazar-2026-09-25-1370546.html,https://www.maariv.co.il/news/elections-2026/article-1370546,2026-09-24,610,False,המנדטים והאחוזים שפורסמו — תא ריק משמעו נתון חסר,1,ישראל ביתנו,yisrael_beiteinu,9,,,,,,,,,,,,
maariv-lazar-2026-09-25-1370546.html,מעריב,2026-09-25,https://victorchina-ops.github.io/israel-election-simulator/sources/2026-09-25/maariv-lazar-2026-09-25-1370546.html,https://www.maariv.co.il/news/elections-2026/article-1370546,2026-09-24,610,False,המנדטים והאחוזים שפורסמו — תא ריק משמעו נתון חסר,1,יהדות התורה,utj,6,,,,,,,,,,,,
maariv-lazar-2026-09-25-1370546.html,מעריב,2026-09-25,https://victorchina-ops.github.io/israel-election-simulator/sources/2026-09-25/maariv-lazar-2026-09-25-1370546.html,https://www.maariv.co.il/news/elections-2026/article-1370546,2026-09-24,610,False,המנדטים והאחוזים שפורסמו — תא ריק משמעו נתון חסר,1,הרשימה המשותפת,joint,7,,,,,,,,,,,,
maariv-lazar-2026-09-25-1370546.html,מעריב,2026-09-25,https://victorchina-ops.github.io/israel-election-simulator/sources/2026-09-25/maariv-lazar-2026-09-25-1370546.html,https://www.maariv.co.il/news/elections-2026/article-1370546,2026-09-24,610,False,המנדטים והאחוזים שפורסמו — תא ריק משמעו נתון חסר,1,ש״ס,shas,6,,,,,,,,,,,,
maariv-lazar-2026-09-25-1370546.html,מעריב,2026-09-25,https://victorchina-ops.github.io/israel-election-simulator/sources/2026-09-25/maariv-lazar-2026-09-25-1370546.html,https://www.maariv.co.il/news/elections-2026/article-1370546,2026-09-24,610,False,המנדטים והאחוזים שפורסמו — תא ריק משמעו נתון חסר,1,עוצמה יהודית,otzma,9,,,,,,,,,,,,
maariv-lazar-2026-09-25-1370546.html,מעריב,2026-09-25,https://victorchina-ops.github.io/israel-election-simulator/sources/2026-09-25/maariv-lazar-2026-09-25-1370546.html,https://www.maariv.co.il/news/elections-2026/article-1370546,2026-09-24,610,False,המנדטים והאחוזים שפורסמו — תא ריק משמעו נתון חסר,1,הציונות הדתית–זהות,rz_zehut,6,,,,,,,,,,,,
maariv-lazar-2026-09-25-1370546.html,מעריב,2026-09-25,https://victorchina-ops.github.io/israel-election-simulator/sources/2026-09-25/maariv-lazar-2026-09-25-1370546.html,https://www.maariv.co.il/news/elections-2026/article-1370546,2026-09-24,610,False,המנדטים והאחוזים שפורסמו — תא ריק משמעו נתון חסר,1,רע״ם,raam,5,,,,,,,,,,,,
maariv-lazar-2026-09-25-1370546.html,מעריב,2026-09-25,https://victorchina-ops.github.io/israel-election-simulator/sources/2026-09-25/maariv-lazar-2026-09-25-1370546.html,https://www.maariv.co.il/news/elections-2026/article-1370546,2026-09-24,610,False,המנדטים והאחוזים שפורסמו — תא ריק משמעו נתון חסר,1,עמך ישראל,winter,4,,,,,,,,,,,,
maariv-lazar-2026-09-25-1370546.html,מעריב,2026-09-25,https://victorchina-ops.github.io/israel-election-simulator/sources/2026-09-25/maariv-lazar-2026-09-25-1370546.html,https://www.maariv.co.il/news/elections-2026/article-1370546,2026-09-24,610,False,המנדטים והאחוזים שפורסמו — תא ריק משמעו נתון חסר,1,המילואימניקים והכלכלית,hendel,4,,,,,,,,,,,,
maariv-lazar-2026-09-25-1370546.html,מעריב,2026-09-25,https://victorchina-ops.github.io/israel-election-simulator/sources/2026-09-25/maariv-lazar-2026-09-25-1370546.html,https://www.maariv.co.il/news/elections-2026/article-1370546,2026-09-24,610,False,המנדטים והאחוזים שפורסמו — תא ריק משמעו נתון חסר,1,כחול לבן,gantz,0,1.3,,,,,,,,,,,
maariv-lazar-2026-09-25-1370546.html,מעריב,2026-09-25,https://victorchina-ops.github.io/israel-election-simulator/sources/2026-09-25/maariv-lazar-2026-09-25-1370546.html,https://www.maariv.co.il/news/elections-2026/article-1370546,2026-09-24,610,False,המנדטים והאחוזים שפורסמו — תא ריק משמעו נתון חסר,1,נעם לישראל,noam,0,0.7,,,,,,,,,,,
maariv-lazar-2026-09-25-1370546.html,מעריב,2026-09-25,https://victorchina-ops.github.io/israel-election-simulator/sources/2026-09-25/maariv-lazar-2026-09-25-1370546.html,https://www.maariv.co.il/news/elections-2026/article-1370546,2026-09-24,610,False,המנדטים והאחוזים שפורסמו — תא ריק משמעו נתון חסר,1,הציבור החרדי,haredi_public,0,0.9,,,,,,,,,,,
maariv-lazar-2026-09-25-1370546.html,מעריב,2026-09-25,https://victorchina-ops.github.io/israel-election-simulator/sources/2026-09-25/maariv-lazar-2026-09-25-1370546.html,https://www.maariv.co.il/news/elections-2026/article-1370546,2026-09-24,610,False,המנדטים והאחוזים שפורסמו — תא ריק משמעו נתון חסר,1,ישראל תחילה,israel_first,,,,,,,,,,,,,
maariv-lazar-2026-09-25-1370546.html,מעריב,2026-09-25,https://victorchina-ops.github.io/israel-election-simulator/sources/2026-09-25/maariv-lazar-2026-09-25-1370546.html,https://www.maariv.co.il/news/elections-2026/article-1370546,2026-09-24,610,False,המנדטים והאחוזים שפורסמו — תא ריק משמעו נתון חסר,1,רשימות אחרות,other,,,,,,,,,,,,,
themadad-channel13-2026-09-23.html,חדשות 13,2026-09-23,https://victorchina-ops.github.io/israel-election-simulator/sources/2026-09-25/themadad-channel13-2026-09-23.html,https://themadad.com/סקר-המדד-ספטמבר-22-2026/,2026-09-23,1503,False,המנדטים והאחוזים שפורסמו — תא ריק משמעו נתון חסר,1,ישר!,yashar,22,,,,,,,,,,,,
themadad-channel13-2026-09-23.html,חדשות 13,2026-09-23,https://victorchina-ops.github.io/israel-election-simulator/sources/2026-09-25/themadad-channel13-2026-09-23.html,https://themadad.com/סקר-המדד-ספטמבר-22-2026/,2026-09-23,1503,False,המנדטים והאחוזים שפורסמו — תא ריק משמעו נתון חסר,1,הליכוד,likud,18,,,,,,,,,,,,
themadad-channel13-2026-09-23.html,חדשות 13,2026-09-23,https://victorchina-ops.github.io/israel-election-simulator/sources/2026-09-25/themadad-channel13-2026-09-23.html,https://themadad.com/סקר-המדד-ספטמבר-22-2026/,2026-09-23,1503,False,המנדטים והאחוזים שפורסמו — תא ריק משמעו נתון חסר,1,ביחד,beyachad,11,,,,,,,,,,,,
themadad-channel13-2026-09-23.html,חדשות 13,2026-09-23,https://victorchina-ops.github.io/israel-election-simulator/sources/2026-09-25/themadad-channel13-2026-09-23.html,https://themadad.com/סקר-המדד-ספטמבר-22-2026/,2026-09-23,1503,False,המנדטים והאחוזים שפורסמו — תא ריק משמעו נתון חסר,1,הדמוקרטים,democrats,11,,,,,,,,,,,,
themadad-channel13-2026-09-23.html,חדשות 13,2026-09-23,https://victorchina-ops.github.io/israel-election-simulator/sources/2026-09-25/themadad-channel13-2026-09-23.html,https://themadad.com/סקר-המדד-ספטמבר-22-2026/,2026-09-23,1503,False,המנדטים והאחוזים שפורסמו — תא ריק משמעו נתון חסר,1,ישראל ביתנו,yisrael_beiteinu,8,,,,,,,,,,,,
themadad-channel13-2026-09-23.html,חדשות 13,2026-09-23,https://victorchina-ops.github.io/israel-election-simulator/sources/2026-09-25/themadad-channel13-2026-09-23.html,https://themadad.com/סקר-המדד-ספטמבר-22-2026/,2026-09-23,1503,False,המנדטים והאחוזים שפורסמו — תא ריק משמעו נתון חסר,1,יהדות התורה,utj,8,,,,,,,,,,,,
themadad-channel13-2026-09-23.html,חדשות 13,2026-09-23,https://victorchina-ops.github.io/israel-election-simulator/sources/2026-09-25/themadad-channel13-2026-09-23.html,https://themadad.com/סקר-המדד-ספטמבר-22-2026/,2026-09-23,1503,False,המנדטים והאחוזים שפורסמו — תא ריק משמעו נתון חסר,1,הרשימה המשותפת,joint,8,,,,,,,,,,,,
themadad-channel13-2026-09-23.html,חדשות 13,2026-09-23,https://victorchina-ops.github.io/israel-election-simulator/sources/2026-09-25/themadad-channel13-2026-09-23.html,https://themadad.com/סקר-המדד-ספטמבר-22-2026/,2026-09-23,1503,False,המנדטים והאחוזים שפורסמו — תא ריק משמעו נתון חסר,1,ש״ס,shas,7,,,,,,,,,,,,
themadad-channel13-2026-09-23.html,חדשות 13,2026-09-23,https://victorchina-ops.github.io/israel-election-simulator/sources/2026-09-25/themadad-channel13-2026-09-23.html,https://themadad.com/סקר-המדד-ספטמבר-22-2026/,2026-09-23,1503,False,המנדטים והאחוזים שפורסמו — תא ריק משמעו נתון חסר,1,עוצמה יהודית,otzma,7,,,,,,,,,,,,
themadad-channel13-2026-09-23.html,חדשות 13,2026-09-23,https://victorchina-ops.github.io/israel-election-simulator/sources/2026-09-25/themadad-channel13-2026-09-23.html,https://themadad.com/סקר-המדד-ספטמבר-22-2026/,2026-09-23,1503,False,המנדטים והאחוזים שפורסמו — תא ריק משמעו נתון חסר,1,הציונות הדתית–זהות,rz_zehut,6,,,,,,,,,,,,
themadad-channel13-2026-09-23.html,חדשות 13,2026-09-23,https://victorchina-ops.github.io/israel-election-simulator/sources/2026-09-25/themadad-channel13-2026-09-23.html,https://themadad.com/סקר-המדד-ספטמבר-22-2026/,2026-09-23,1503,False,המנדטים והאחוזים שפורסמו — תא ריק משמעו נתון חסר,1,רע״ם,raam,5,,,,,,,,,,,,
themadad-channel13-2026-09-23.html,חדשות 13,2026-09-23,https://victorchina-ops.github.io/israel-election-simulator/sources/2026-09-25/themadad-channel13-2026-09-23.html,https://themadad.com/סקר-המדד-ספטמבר-22-2026/,2026-09-23,1503,False,המנדטים והאחוזים שפורסמו — תא ריק משמעו נתון חסר,1,עמך ישראל,winter,5,,,,,,,,,,,,
themadad-channel13-2026-09-23.html,חדשות 13,2026-09-23,https://victorchina-ops.github.io/israel-election-simulator/sources/2026-09-25/themadad-channel13-2026-09-23.html,https://themadad.com/סקר-המדד-ספטמבר-22-2026/,2026-09-23,1503,False,המנדטים והאחוזים שפורסמו — תא ריק משמעו נתון חסר,1,המילואימניקים והכלכלית,hendel,4,,,,,,,,,,,,
themadad-channel13-2026-09-23.html,חדשות 13,2026-09-23,https://victorchina-ops.github.io/israel-election-simulator/sources/2026-09-25/themadad-channel13-2026-09-23.html,https://themadad.com/סקר-המדד-ספטמבר-22-2026/,2026-09-23,1503,False,המנדטים והאחוזים שפורסמו — תא ריק משמעו נתון חסר,1,כחול לבן,gantz,0,0.8,,,,,,,,,,,
themadad-channel13-2026-09-23.html,חדשות 13,2026-09-23,https://victorchina-ops.github.io/israel-election-simulator/sources/2026-09-25/themadad-channel13-2026-09-23.html,https://themadad.com/סקר-המדד-ספטמבר-22-2026/,2026-09-23,1503,False,המנדטים והאחוזים שפורסמו — תא ריק משמעו נתון חסר,1,נעם לישראל,noam,,,,,,,,,,,,,
themadad-channel13-2026-09-23.html,חדשות 13,2026-09-23,https://victorchina-ops.github.io/israel-election-simulator/sources/2026-09-25/themadad-channel13-2026-09-23.html,https://themadad.com/סקר-המדד-ספטמבר-22-2026/,2026-09-23,1503,False,המנדטים והאחוזים שפורסמו — תא ריק משמעו נתון חסר,1,הציבור החרדי,haredi_public,0,1.3,,,,,,,,,,,
themadad-channel13-2026-09-23.html,חדשות 13,2026-09-23,https://victorchina-ops.github.io/israel-election-simulator/sources/2026-09-25/themadad-channel13-2026-09-23.html,https://themadad.com/סקר-המדד-ספטמבר-22-2026/,2026-09-23,1503,False,המנדטים והאחוזים שפורסמו — תא ריק משמעו נתון חסר,1,ישראל תחילה,israel_first,,,,,,,,,,,,,
themadad-channel13-2026-09-23.html,חדשות 13,2026-09-23,https://victorchina-ops.github.io/israel-election-simulator/sources/2026-09-25/themadad-channel13-2026-09-23.html,https://themadad.com/סקר-המדד-ספטמבר-22-2026/,2026-09-23,1503,False,המנדטים והאחוזים שפורסמו — תא ריק משמעו נתון חסר,1,רשימות אחרות,other,,,,,,,,,,,,,
n12-midgam-article-fad59e819c9c0a1027.html,חדשות 12,2026-09-22,https://victorchina-ops.github.io/israel-election-simulator/sources/2026-09-22/n12-midgam-article-fad59e819c9c0a1027.html,https://www.mako.co.il/news-israel-elections/2026/Article-fad59e819c9c0a1027.htm,2026-09-22,501,False,המנדטים והאחוזים שפורסמו בחדשות 12,1,ישר!,,23,,,,,,,,,,,,
n12-midgam-article-fad59e819c9c0a1027.html,חדשות 12,2026-09-22,https://victorchina-ops.github.io/israel-election-simulator/sources/2026-09-22/n12-midgam-article-fad59e819c9c0a1027.html,https://www.mako.co.il/news-israel-elections/2026/Article-fad59e819c9c0a1027.htm,2026-09-22,501,False,המנדטים והאחוזים שפורסמו בחדשות 12,1,הליכוד,,20,,,,,,,,,,,,
n12-midgam-article-fad59e819c9c0a1027.html,חדשות 12,2026-09-22,https://victorchina-ops.github.io/israel-election-simulator/sources/2026-09-22/n12-midgam-article-fad59e819c9c0a1027.html,https://www.mako.co.il/news-israel-elections/2026/Article-fad59e819c9c0a1027.htm,2026-09-22,501,False,המנדטים והאחוזים שפורסמו בחדשות 12,1,ביחד,,13,,,,,,,,,,,,
n12-midgam-article-fad59e819c9c0a1027.html,חדשות 12,2026-09-22,https://victorchina-ops.github.io/israel-election-simulator/sources/2026-09-22/n12-midgam-article-fad59e819c9c0a1027.html,https://www.mako.co.il/news-israel-elections/2026/Article-fad59e819c9c0a1027.htm,2026-09-22,501,False,המנדטים והאחוזים שפורסמו בחדשות 12,1,הדמוקרטים,,9,,,,,,,,,,,,
n12-midgam-article-fad59e819c9c0a1027.html,חדשות 12,2026-09-22,https://victorchina-ops.github.io/israel-election-simulator/sources/2026-09-22/n12-midgam-article-fad59e819c9c0a1027.html,https://www.mako.co.il/news-israel-elections/2026/Article-fad59e819c9c0a1027.htm,2026-09-22,501,False,המנדטים והאחוזים שפורסמו בחדשות 12,1,ישראל ביתנו,,9,,,,,,,,,,,,
n12-midgam-article-fad59e819c9c0a1027.html,חדשות 12,2026-09-22,https://victorchina-ops.github.io/israel-election-simulator/sources/2026-09-22/n12-midgam-article-fad59e819c9c0a1027.html,https://www.mako.co.il/news-israel-elections/2026/Article-fad59e819c9c0a1027.htm,2026-09-22,501,False,המנדטים והאחוזים שפורסמו בחדשות 12,1,יהדות התורה,,8,,,,,,,,,,,,
n12-midgam-article-fad59e819c9c0a1027.html,חדשות 12,2026-09-22,https://victorchina-ops.github.io/israel-election-simulator/sources/2026-09-22/n12-midgam-article-fad59e819c9c0a1027.html,https://www.mako.co.il/news-israel-elections/2026/Article-fad59e819c9c0a1027.htm,2026-09-22,501,False,המנדטים והאחוזים שפורסמו בחדשות 12,1,הרשימה המשותפת,,7,,,,,,,,,,,,
n12-midgam-article-fad59e819c9c0a1027.html,חדשות 12,2026-09-22,https://victorchina-ops.github.io/israel-election-simulator/sources/2026-09-22/n12-midgam-article-fad59e819c9c0a1027.html,https://www.mako.co.il/news-israel-elections/2026/Article-fad59e819c9c0a1027.htm,2026-09-22,501,False,המנדטים והאחוזים שפורסמו בחדשות 12,1,ש״ס,,7,,,,,,,,,,,,
n12-midgam-article-fad59e819c9c0a1027.html,חדשות 12,2026-09-22,https://victorchina-ops.github.io/israel-election-simulator/sources/2026-09-22/n12-midgam-article-fad59e819c9c0a1027.html,https://www.mako.co.il/news-israel-elections/2026/Article-fad59e819c9c0a1027.htm,2026-09-22,501,False,המנדטים והאחוזים שפורסמו בחדשות 12,1,עוצמה יהודית,,6,,,,,,,,,,,,
n12-midgam-article-fad59e819c9c0a1027.html,חדשות 12,2026-09-22,https://victorchina-ops.github.io/israel-election-simulator/sources/2026-09-22/n12-midgam-article-fad59e819c9c0a1027.html,https://www.mako.co.il/news-israel-elections/2026/Article-fad59e819c9c0a1027.htm,2026-09-22,501,False,המנדטים והאחוזים שפורסמו בחדשות 12,1,הציונות הדתית–זהות,,5,,,,,,,,,,,,
n12-midgam-article-fad59e819c9c0a1027.html,חדשות 12,2026-09-22,https://victorchina-ops.github.io/israel-election-simulator/sources/2026-09-22/n12-midgam-article-fad59e819c9c0a1027.html,https://www.mako.co.il/news-israel-elections/2026/Article-fad59e819c9c0a1027.htm,2026-09-22,501,False,המנדטים והאחוזים שפורסמו בחדשות 12,1,רע״ם,,5,,,,,,,,,,,,
n12-midgam-article-fad59e819c9c0a1027.html,חדשות 12,2026-09-22,https://victorchina-ops.github.io/israel-election-simulator/sources/2026-09-22/n12-midgam-article-fad59e819c9c0a1027.html,https://www.mako.co.il/news-israel-elections/2026/Article-fad59e819c9c0a1027.htm,2026-09-22,501,False,המנדטים והאחוזים שפורסמו בחדשות 12,1,עמך ישראל,,4,,,,,,,,,,,,
n12-midgam-article-fad59e819c9c0a1027.html,חדשות 12,2026-09-22,https://victorchina-ops.github.io/israel-election-simulator/sources/2026-09-22/n12-midgam-article-fad59e819c9c0a1027.html,https://www.mako.co.il/news-israel-elections/2026/Article-fad59e819c9c0a1027.htm,2026-09-22,501,False,המנדטים והאחוזים שפורסמו בחדשות 12,1,המילואימניקים והכלכלית,,4,,,,,,,,,,,,
n12-midgam-article-fad59e819c9c0a1027.html,חדשות 12,2026-09-22,https://victorchina-ops.github.io/israel-election-simulator/sources/2026-09-22/n12-midgam-article-fad59e819c9c0a1027.html,https://www.mako.co.il/news-israel-elections/2026/Article-fad59e819c9c0a1027.htm,2026-09-22,501,False,המנדטים והאחוזים שפורסמו בחדשות 12,1,כחול לבן,,0,0.7,,,,,,,,,,,
n12-midgam-article-fad59e819c9c0a1027.html,חדשות 12,2026-09-22,https://victorchina-ops.github.io/israel-election-simulator/sources/2026-09-22/n12-midgam-article-fad59e819c9c0a1027.html,https://www.mako.co.il/news-israel-elections/2026/Article-fad59e819c9c0a1027.htm,2026-09-22,501,False,המנדטים והאחוזים שפורסמו בחדשות 12,1,הציבור החרדי,,0,0.3,,,,,,,,,,,
n12-midgam-article-fad59e819c9c0a1027.html,חדשות 12,2026-09-22,https://victorchina-ops.github.io/israel-election-simulator/sources/2026-09-22/n12-midgam-article-fad59e819c9c0a1027.html,https://www.mako.co.il/news-israel-elections/2026/Article-fad59e819c9c0a1027.htm,2026-09-22,501,False,המנדטים והאחוזים שפורסמו בחדשות 12,1,נעם לישראל,,0,0.1,,,,,,,,,,,
n12-midgam-article-fad59e819c9c0a1027.html,חדשות 12,2026-09-22,https://victorchina-ops.github.io/israel-election-simulator/sources/2026-09-22/n12-midgam-article-fad59e819c9c0a1027.html,https://www.mako.co.il/news-israel-elections/2026/Article-fad59e819c9c0a1027.htm,2026-09-22,501,False,המנדטים והאחוזים שפורסמו בחדשות 12,1,ישראל תחילה,,0,0.0,,,,,,,,,,,
n12-midgam-article-fad59e819c9c0a1027.html,חדשות 12,2026-09-22,https://victorchina-ops.github.io/israel-election-simulator/sources/2026-09-22/n12-midgam-article-fad59e819c9c0a1027.html,https://www.mako.co.il/news-israel-elections/2026/Article-fad59e819c9c0a1027.htm,2026-09-22,501,False,חלוקת הגושים במקור — נפרדת מהגדרת הגושים במודל,1,קואליציה,,50,,,,,,,,,,,,
n12-midgam-article-fad59e819c9c0a1027.html,חדשות 12,2026-09-22,https://victorchina-ops.github.io/israel-election-simulator/sources/2026-09-22/n12-midgam-article-fad59e819c9c0a1027.html,https://www.mako.co.il/news-israel-elections/2026/Article-fad59e819c9c0a1027.htm,2026-09-22,501,False,חלוקת הגושים במקור — נפרדת מהגדרת הגושים במודל,1,אופוזיציה ציונית,,54,,,,,,,,,,,,
n12-midgam-article-fad59e819c9c0a1027.html,חדשות 12,2026-09-22,https://victorchina-ops.github.io/israel-election-simulator/sources/2026-09-22/n12-midgam-article-fad59e819c9c0a1027.html,https://www.mako.co.il/news-israel-elections/2026/Article-fad59e819c9c0a1027.htm,2026-09-22,501,False,חלוקת הגושים במקור — נפרדת מהגדרת הגושים במודל,1,מפלגות ערביות,,12,,,,,,,,,,,,
n12-midgam-article-fad59e819c9c0a1027.html,חדשות 12,2026-09-22,https://victorchina-ops.github.io/israel-election-simulator/sources/2026-09-22/n12-midgam-article-fad59e819c9c0a1027.html,https://www.mako.co.il/news-israel-elections/2026/Article-fad59e819c9c0a1027.htm,2026-09-22,501,False,חלוקת הגושים במקור — נפרדת מהגדרת הגושים במודל,1,הנדל–זליכה,,4,,,,,,,,,,,,
channel14-next-data-article-1706627.html,חדשות 14,2026-09-17,https://victorchina-ops.github.io/israel-election-simulator/sources/2026-09-17/channel14-next-data-article-1706627.html,https://www.c14.co.il/article/1706627,2026-09-17,817,False,המנדטים והאחוזים שפורסמו בחדשות 14,1,הליכוד,,31,,,,,,,,,,,,
channel14-next-data-article-1706627.html,חדשות 14,2026-09-17,https://victorchina-ops.github.io/israel-election-simulator/sources/2026-09-17/channel14-next-data-article-1706627.html,https://www.c14.co.il/article/1706627,2026-09-17,817,False,המנדטים והאחוזים שפורסמו בחדשות 14,1,ישר!,,20,,,,,,,,,,,,
channel14-next-data-article-1706627.html,חדשות 14,2026-09-17,https://victorchina-ops.github.io/israel-election-simulator/sources/2026-09-17/channel14-next-data-article-1706627.html,https://www.c14.co.il/article/1706627,2026-09-17,817,False,המנדטים והאחוזים שפורסמו בחדשות 14,1,ש״ס,,10,,,,,,,,,,,,
channel14-next-data-article-1706627.html,חדשות 14,2026-09-17,https://victorchina-ops.github.io/israel-election-simulator/sources/2026-09-17/channel14-next-data-article-1706627.html,https://www.c14.co.il/article/1706627,2026-09-17,817,False,המנדטים והאחוזים שפורסמו בחדשות 14,1,ביחד,,9,,,,,,,,,,,,
channel14-next-data-article-1706627.html,חדשות 14,2026-09-17,https://victorchina-ops.github.io/israel-election-simulator/sources/2026-09-17/channel14-next-data-article-1706627.html,https://www.c14.co.il/article/1706627,2026-09-17,817,False,המנדטים והאחוזים שפורסמו בחדשות 14,1,הדמוקרטים,,8,,,,,,,,,,,,
channel14-next-data-article-1706627.html,חדשות 14,2026-09-17,https://victorchina-ops.github.io/israel-election-simulator/sources/2026-09-17/channel14-next-data-article-1706627.html,https://www.c14.co.il/article/1706627,2026-09-17,817,False,המנדטים והאחוזים שפורסמו בחדשות 14,1,עוצמה יהודית,,8,,,,,,,,,,,,
channel14-next-data-article-1706627.html,חדשות 14,2026-09-17,https://victorchina-ops.github.io/israel-election-simulator/sources/2026-09-17/channel14-next-data-article-1706627.html,https://www.c14.co.il/article/1706627,2026-09-17,817,False,המנדטים והאחוזים שפורסמו בחדשות 14,1,יהדות התורה,,8,,,,,,,,,,,,
channel14-next-data-article-1706627.html,חדשות 14,2026-09-17,https://victorchina-ops.github.io/israel-election-simulator/sources/2026-09-17/channel14-next-data-article-1706627.html,https://www.c14.co.il/article/1706627,2026-09-17,817,False,המנדטים והאחוזים שפורסמו בחדשות 14,1,הציונות הדתית–זהות,,7,,,,,,,,,,,,
channel14-next-data-article-1706627.html,חדשות 14,2026-09-17,https://victorchina-ops.github.io/israel-election-simulator/sources/2026-09-17/channel14-next-data-article-1706627.html,https://www.c14.co.il/article/1706627,2026-09-17,817,False,המנדטים והאחוזים שפורסמו בחדשות 14,1,הרשימה המשותפת,,7,,,,,,,,,,,,
channel14-next-data-article-1706627.html,חדשות 14,2026-09-17,https://victorchina-ops.github.io/israel-election-simulator/sources/2026-09-17/channel14-next-data-article-1706627.html,https://www.c14.co.il/article/1706627,2026-09-17,817,False,המנדטים והאחוזים שפורסמו בחדשות 14,1,ישראל ביתנו,,7,,,,,,,,,,,,
channel14-next-data-article-1706627.html,חדשות 14,2026-09-17,https://victorchina-ops.github.io/israel-election-simulator/sources/2026-09-17/channel14-next-data-article-1706627.html,https://www.c14.co.il/article/1706627,2026-09-17,817,False,המנדטים והאחוזים שפורסמו בחדשות 14,1,רע״ם,,5,,,,,,,,,,,,
channel14-next-data-article-1706627.html,חדשות 14,2026-09-17,https://victorchina-ops.github.io/israel-election-simulator/sources/2026-09-17/channel14-next-data-article-1706627.html,https://www.c14.co.il/article/1706627,2026-09-17,817,False,המנדטים והאחוזים שפורסמו בחדשות 14,1,עמך ישראל,,0,2.6,,,,,,,,,,,
channel14-next-data-article-1706627.html,חדשות 14,2026-09-17,https://victorchina-ops.github.io/israel-election-simulator/sources/2026-09-17/channel14-next-data-article-1706627.html,https://www.c14.co.il/article/1706627,2026-09-17,817,False,המנדטים והאחוזים שפורסמו בחדשות 14,1,המילואימניקים והכלכלית,,0,2.2,,,,,,,,,,,
channel14-next-data-article-1706627.html,חדשות 14,2026-09-17,https://victorchina-ops.github.io/israel-election-simulator/sources/2026-09-17/channel14-next-data-article-1706627.html,https://www.c14.co.il/article/1706627,2026-09-17,817,False,המנדטים והאחוזים שפורסמו בחדשות 14,1,כחול לבן,,0,0.4,,,,,,,,,,,
channel14-next-data-article-1706627.html,חדשות 14,2026-09-17,https://victorchina-ops.github.io/israel-election-simulator/sources/2026-09-17/channel14-next-data-article-1706627.html,https://www.c14.co.il/article/1706627,2026-09-17,817,False,המנדטים והאחוזים שפורסמו בחדשות 14,1,הציבור החרדי,,0,0.3,,,,,,,,,,,
channel14-next-data-article-1706627.html,חדשות 14,2026-09-17,https://victorchina-ops.github.io/israel-election-simulator/sources/2026-09-17/channel14-next-data-article-1706627.html,https://www.c14.co.il/article/1706627,2026-09-17,817,False,המנדטים והאחוזים שפורסמו בחדשות 14,1,נעם לישראל,,0,0.1,,,,,,,,,,,
channel14-next-data-article-1706627.html,חדשות 14,2026-09-17,https://victorchina-ops.github.io/israel-election-simulator/sources/2026-09-17/channel14-next-data-article-1706627.html,https://www.c14.co.il/article/1706627,2026-09-17,817,False,חלוקת הגושים במקור — נפרדת מהגדרת הגושים במודל,1,גוש ימין,,64,,,,,,,,,,,,
channel14-next-data-article-1706627.html,חדשות 14,2026-09-17,https://victorchina-ops.github.io/israel-election-simulator/sources/2026-09-17/channel14-next-data-article-1706627.html,https://www.c14.co.il/article/1706627,2026-09-17,817,False,חלוקת הגושים במקור — נפרדת מהגדרת הגושים במודל,1,גוש שמאל,,44,,,,,,,,,,,,
channel14-next-data-article-1706627.html,חדשות 14,2026-09-17,https://victorchina-ops.github.io/israel-election-simulator/sources/2026-09-17/channel14-next-data-article-1706627.html,https://www.c14.co.il/article/1706627,2026-09-17,817,False,חלוקת הגושים במקור — נפרדת מהגדרת הגושים במודל,1,מפלגות ערביות,,12,,,,,,,,,,,,
channel14-next-data-2026-09-15.png,חדשות 14 — סקר חדש,2026-09-15,https://victorchina-ops.github.io/israel-election-simulator/sources/2026-09-15/channel14-next-data-2026-09-15.png,https://www.c14.co.il/article/1703304,2026-09-15,483,False,המנדטים והאחוזים שפורסמו בגרפיקת חדשות 14,1,הליכוד,,30,,,,,,,,,,,,
channel14-next-data-2026-09-15.png,חדשות 14 — סקר חדש,2026-09-15,https://victorchina-ops.github.io/israel-election-simulator/sources/2026-09-15/channel14-next-data-2026-09-15.png,https://www.c14.co.il/article/1703304,2026-09-15,483,False,המנדטים והאחוזים שפורסמו בגרפיקת חדשות 14,1,ישר!,,21,,,,,,,,,,,,
channel14-next-data-2026-09-15.png,חדשות 14 — סקר חדש,2026-09-15,https://victorchina-ops.github.io/israel-election-simulator/sources/2026-09-15/channel14-next-data-2026-09-15.png,https://www.c14.co.il/article/1703304,2026-09-15,483,False,המנדטים והאחוזים שפורסמו בגרפיקת חדשות 14,1,ש״ס,,10,,,,,,,,,,,,
channel14-next-data-2026-09-15.png,חדשות 14 — סקר חדש,2026-09-15,https://victorchina-ops.github.io/israel-election-simulator/sources/2026-09-15/channel14-next-data-2026-09-15.png,https://www.c14.co.il/article/1703304,2026-09-15,483,False,המנדטים והאחוזים שפורסמו בגרפיקת חדשות 14,1,הדמוקרטים,,9,,,,,,,,,,,,
channel14-next-data-2026-09-15.png,חדשות 14 — סקר חדש,2026-09-15,https://victorchina-ops.github.io/israel-election-simulator/sources/2026-09-15/channel14-next-data-2026-09-15.png,https://www.c14.co.il/article/1703304,2026-09-15,483,False,המנדטים והאחוזים שפורסמו בגרפיקת חדשות 14,1,ביחד,,8,,,,,,,,,,,,
channel14-next-data-2026-09-15.png,חדשות 14 — סקר חדש,2026-09-15,https://victorchina-ops.github.io/israel-election-simulator/sources/2026-09-15/channel14-next-data-2026-09-15.png,https://www.c14.co.il/article/1703304,2026-09-15,483,False,המנדטים והאחוזים שפורסמו בגרפיקת חדשות 14,1,הציונות הדתית–זהות,,8,,,,,,,,,,,,
channel14-next-data-2026-09-15.png,חדשות 14 — סקר חדש,2026-09-15,https://victorchina-ops.github.io/israel-election-simulator/sources/2026-09-15/channel14-next-data-2026-09-15.png,https://www.c14.co.il/article/1703304,2026-09-15,483,False,המנדטים והאחוזים שפורסמו בגרפיקת חדשות 14,1,עוצמה יהודית,,8,,,,,,,,,,,,
channel14-next-data-2026-09-15.png,חדשות 14 — סקר חדש,2026-09-15,https://victorchina-ops.github.io/israel-election-simulator/sources/2026-09-15/channel14-next-data-2026-09-15.png,https://www.c14.co.il/article/1703304,2026-09-15,483,False,המנדטים והאחוזים שפורסמו בגרפיקת חדשות 14,1,יהדות התורה,,8,,,,,,,,,,,,
channel14-next-data-2026-09-15.png,חדשות 14 — סקר חדש,2026-09-15,https://victorchina-ops.github.io/israel-election-simulator/sources/2026-09-15/channel14-next-data-2026-09-15.png,https://www.c14.co.il/article/1703304,2026-09-15,483,False,המנדטים והאחוזים שפורסמו בגרפיקת חדשות 14,1,הרשימה המשותפת,,7,,,,,,,,,,,,
channel14-next-data-2026-09-15.png,חדשות 14 — סקר חדש,2026-09-15,https://victorchina-ops.github.io/israel-election-simulator/sources/2026-09-15/channel14-next-data-2026-09-15.png,https://www.c14.co.il/article/1703304,2026-09-15,483,False,המנדטים והאחוזים שפורסמו בגרפיקת חדשות 14,1,ישראל ביתנו,,6,,,,,,,,,,,,
channel14-next-data-2026-09-15.png,חדשות 14 — סקר חדש,2026-09-15,https://victorchina-ops.github.io/israel-election-simulator/sources/2026-09-15/channel14-next-data-2026-09-15.png,https://www.c14.co.il/article/1703304,2026-09-15,483,False,המנדטים והאחוזים שפורסמו בגרפיקת חדשות 14,1,רע״ם,,5,,,,,,,,,,,,
channel14-next-data-2026-09-15.png,חדשות 14 — סקר חדש,2026-09-15,https://victorchina-ops.github.io/israel-election-simulator/sources/2026-09-15/channel14-next-data-2026-09-15.png,https://www.c14.co.il/article/1703304,2026-09-15,483,False,המנדטים והאחוזים שפורסמו בגרפיקת חדשות 14,1,עמך ישראל,,0,2.3,,,,,,,,,,,
channel14-next-data-2026-09-15.png,חדשות 14 — סקר חדש,2026-09-15,https://victorchina-ops.github.io/israel-election-simulator/sources/2026-09-15/channel14-next-data-2026-09-15.png,https://www.c14.co.il/article/1703304,2026-09-15,483,False,המנדטים והאחוזים שפורסמו בגרפיקת חדשות 14,1,המילואימניקים והכלכלית,,0,2.1,,,,,,,,,,,
channel14-next-data-2026-09-15.png,חדשות 14 — סקר חדש,2026-09-15,https://victorchina-ops.github.io/israel-election-simulator/sources/2026-09-15/channel14-next-data-2026-09-15.png,https://www.c14.co.il/article/1703304,2026-09-15,483,False,המנדטים והאחוזים שפורסמו בגרפיקת חדשות 14,1,כחול לבן,,0,0.4,,,,,,,,,,,
channel14-next-data-2026-09-15.png,חדשות 14 — סקר חדש,2026-09-15,https://victorchina-ops.github.io/israel-election-simulator/sources/2026-09-15/channel14-next-data-2026-09-15.png,https://www.c14.co.il/article/1703304,2026-09-15,483,False,המנדטים והאחוזים שפורסמו בגרפיקת חדשות 14,1,נעם לישראל,,0,0.3,,,,,,,,,,,
channel14-next-data-2026-09-15.png,חדשות 14 — סקר חדש,2026-09-15,https://victorchina-ops.github.io/israel-election-simulator/sources/2026-09-15/channel14-next-data-2026-09-15.png,https://www.c14.co.il/article/1703304,2026-09-15,483,False,המנדטים והאחוזים שפורסמו בגרפיקת חדשות 14,1,הציבור החרדי,,0,0.2,,,,,,,,,,,
channel14-next-data-2026-09-15.png,חדשות 14 — סקר חדש,2026-09-15,https://victorchina-ops.github.io/israel-election-simulator/sources/2026-09-15/channel14-next-data-2026-09-15.png,https://www.c14.co.il/article/1703304,2026-09-15,483,False,חלוקת הגושים במקור — נפרדת מהגדרת הגושים במודל,1,גוש ימין,,64,,,,,,,,,,,,
channel14-next-data-2026-09-15.png,חדשות 14 — סקר חדש,2026-09-15,https://victorchina-ops.github.io/israel-election-simulator/sources/2026-09-15/channel14-next-data-2026-09-15.png,https://www.c14.co.il/article/1703304,2026-09-15,483,False,חלוקת הגושים במקור — נפרדת מהגדרת הגושים במודל,1,גוש שמאל,,44,,,,,,,,,,,,
channel14-next-data-2026-09-15.png,חדשות 14 — סקר חדש,2026-09-15,https://victorchina-ops.github.io/israel-election-simulator/sources/2026-09-15/channel14-next-data-2026-09-15.png,https://www.c14.co.il/article/1703304,2026-09-15,483,False,חלוקת הגושים במקור — נפרדת מהגדרת הגושים במודל,1,מפלגות ערביות,,12,,,,,,,,,,,,
kan11-kantar-2026-09-14.png,כאן 11 — סקר חדש,2026-09-14,https://victorchina-ops.github.io/israel-election-simulator/sources/2026-09-14/kan11-kantar-2026-09-14.png,https://www.kan.org.il/content/kan-news/politic/1099439,,,False,המנדטים שפורסמו בצילום,1,ישר!,,24,,,,,,,,,,,,
kan11-kantar-2026-09-14.png,כאן 11 — סקר חדש,2026-09-14,https://victorchina-ops.github.io/israel-election-simulator/sources/2026-09-14/kan11-kantar-2026-09-14.png,https://www.kan.org.il/content/kan-news/politic/1099439,,,False,המנדטים שפורסמו בצילום,1,הליכוד,,20,,,,,,,,,,,,
kan11-kantar-2026-09-14.png,כאן 11 — סקר חדש,2026-09-14,https://victorchina-ops.github.io/israel-election-simulator/sources/2026-09-14/kan11-kantar-2026-09-14.png,https://www.kan.org.il/content/kan-news/politic/1099439,,,False,המנדטים שפורסמו בצילום,1,ביחד,,12,,,,,,,,,,,,
kan11-kantar-2026-09-14.png,כאן 11 — סקר חדש,2026-09-14,https://victorchina-ops.github.io/israel-election-simulator/sources/2026-09-14/kan11-kantar-2026-09-14.png,https://www.kan.org.il/content/kan-news/politic/1099439,,,False,המנדטים שפורסמו בצילום,1,הדמוקרטים,,8,,,,,,,,,,,,
kan11-kantar-2026-09-14.png,כאן 11 — סקר חדש,2026-09-14,https://victorchina-ops.github.io/israel-election-simulator/sources/2026-09-14/kan11-kantar-2026-09-14.png,https://www.kan.org.il/content/kan-news/politic/1099439,,,False,המנדטים שפורסמו בצילום,1,עוצמה יהודית,,8,,,,,,,,,,,,
kan11-kantar-2026-09-14.png,כאן 11 — סקר חדש,2026-09-14,https://victorchina-ops.github.io/israel-election-simulator/sources/2026-09-14/kan11-kantar-2026-09-14.png,https://www.kan.org.il/content/kan-news/politic/1099439,,,False,המנדטים שפורסמו בצילום,1,ישראל ביתנו,,8,,,,,,,,,,,,
kan11-kantar-2026-09-14.png,כאן 11 — סקר חדש,2026-09-14,https://victorchina-ops.github.io/israel-election-simulator/sources/2026-09-14/kan11-kantar-2026-09-14.png,https://www.kan.org.il/content/kan-news/politic/1099439,,,False,המנדטים שפורסמו בצילום,1,יהדות התורה,,7,,,,,,,,,,,,
kan11-kantar-2026-09-14.png,כאן 11 — סקר חדש,2026-09-14,https://victorchina-ops.github.io/israel-election-simulator/sources/2026-09-14/kan11-kantar-2026-09-14.png,https://www.kan.org.il/content/kan-news/politic/1099439,,,False,המנדטים שפורסמו בצילום,1,ש״ס,,7,,,,,,,,,,,,
kan11-kantar-2026-09-14.png,כאן 11 — סקר חדש,2026-09-14,https://victorchina-ops.github.io/israel-election-simulator/sources/2026-09-14/kan11-kantar-2026-09-14.png,https://www.kan.org.il/content/kan-news/politic/1099439,,,False,המנדטים שפורסמו בצילום,1,הרשימה המשותפת,,7,,,,,,,,,,,,
kan11-kantar-2026-09-14.png,כאן 11 — סקר חדש,2026-09-14,https://victorchina-ops.github.io/israel-election-simulator/sources/2026-09-14/kan11-kantar-2026-09-14.png,https://www.kan.org.il/content/kan-news/politic/1099439,,,False,המנדטים שפורסמו בצילום,1,הציונות הדתית–זהות,,6,,,,,,,,,,,,
kan11-kantar-2026-09-14.png,כאן 11 — סקר חדש,2026-09-14,https://victorchina-ops.github.io/israel-election-simulator/sources/2026-09-14/kan11-kantar-2026-09-14.png,https://www.kan.org.il/content/kan-news/politic/1099439,,,False,המנדטים שפורסמו בצילום,1,רע״ם,,5,,,,,,,,,,,,
kan11-kantar-2026-09-14.png,כאן 11 — סקר חדש,2026-09-14,https://victorchina-ops.github.io/israel-election-simulator/sources/2026-09-14/kan11-kantar-2026-09-14.png,https://www.kan.org.il/content/kan-news/politic/1099439,,,False,המנדטים שפורסמו בצילום,1,עמך ישראל,,4,,,,,,,,,,,,
kan11-kantar-2026-09-14.png,כאן 11 — סקר חדש,2026-09-14,https://victorchina-ops.github.io/israel-election-simulator/sources/2026-09-14/kan11-kantar-2026-09-14.png,https://www.kan.org.il/content/kan-news/politic/1099439,,,False,המנדטים שפורסמו בצילום,1,המילואימניקים והכלכלית,,4,,,,,,,,,,,,
kan11-kantar-2026-09-14.png,כאן 11 — סקר חדש,2026-09-14,https://victorchina-ops.github.io/israel-election-simulator/sources/2026-09-14/kan11-kantar-2026-09-14.png,https://www.kan.org.il/content/kan-news/politic/1099439,,,False,המנדטים שפורסמו בצילום,1,כחול לבן,,0,1.5,,,,,,,,,,,
kan11-kantar-2026-09-14.png,כאן 11 — סקר חדש,2026-09-14,https://victorchina-ops.github.io/israel-election-simulator/sources/2026-09-14/kan11-kantar-2026-09-14.png,https://www.kan.org.il/content/kan-news/politic/1099439,,,False,המנדטים שפורסמו בצילום,1,הציבור החרדי,,0,0.8,,,,,,,,,,,
kan11-kantar-2026-09-14.png,כאן 11 — סקר חדש,2026-09-14,https://victorchina-ops.github.io/israel-election-simulator/sources/2026-09-14/kan11-kantar-2026-09-14.png,https://www.kan.org.il/content/kan-news/politic/1099439,,,False,המנדטים שפורסמו בצילום,1,ישראל תחילה,,0,0.5,,,,,,,,,,,
kan11-kantar-2026-09-14.png,כאן 11 — סקר חדש,2026-09-14,https://victorchina-ops.github.io/israel-election-simulator/sources/2026-09-14/kan11-kantar-2026-09-14.png,https://www.kan.org.il/content/kan-news/politic/1099439,,,False,המנדטים שפורסמו בצילום,1,נעם לישראל,,0,0.5,,,,,,,,,,,
kan11-kantar-2026-09-14.png,כאן 11 — סקר חדש,2026-09-14,https://victorchina-ops.github.io/israel-election-simulator/sources/2026-09-14/kan11-kantar-2026-09-14.png,https://www.kan.org.il/content/kan-news/politic/1099439,,,False,חלוקת הגושים במקור — נפרדת מהגדרת הגושים במודל,1,אופוזיציה,,52,,,,,,,,,,,,
kan11-kantar-2026-09-14.png,כאן 11 — סקר חדש,2026-09-14,https://victorchina-ops.github.io/israel-election-simulator/sources/2026-09-14/kan11-kantar-2026-09-14.png,https://www.kan.org.il/content/kan-news/politic/1099439,,,False,חלוקת הגושים במקור — נפרדת מהגדרת הגושים במודל,1,קואליציית נתניהו,,52,,,,,,,,,,,,
kan11-kantar-2026-09-14.png,כאן 11 — סקר חדש,2026-09-14,https://victorchina-ops.github.io/israel-election-simulator/sources/2026-09-14/kan11-kantar-2026-09-14.png,https://www.kan.org.il/content/kan-news/politic/1099439,,,False,חלוקת הגושים במקור — נפרדת מהגדרת הגושים במודל,1,מפלגות ערביות,,12,,,,,,,,,,,,
kan11-kantar-2026-09-14.png,כאן 11 — סקר חדש,2026-09-14,https://victorchina-ops.github.io/israel-election-simulator/sources/2026-09-14/kan11-kantar-2026-09-14.png,https://www.kan.org.il/content/kan-news/politic/1099439,,,False,חלוקת הגושים במקור — נפרדת מהגדרת הגושים במודל,1,הנדל וזליכה,,4,,,,,,,,,,,,
n12-midgam-2026-09-14.png,חדשות 12 — סקר חדש,2026-09-14,https://victorchina-ops.github.io/israel-election-simulator/sources/2026-09-14/n12-midgam-2026-09-14.png,https://www.mako.co.il/news-israel-elections/2026/Article-f91e6c26f80a0a1027.htm,,502,False,המנדטים והאחוזים שפורסמו בצילום,1,ישר!,,23,,,,,,,,,,,,
n12-midgam-2026-09-14.png,חדשות 12 — סקר חדש,2026-09-14,https://victorchina-ops.github.io/israel-election-simulator/sources/2026-09-14/n12-midgam-2026-09-14.png,https://www.mako.co.il/news-israel-elections/2026/Article-f91e6c26f80a0a1027.htm,,502,False,המנדטים והאחוזים שפורסמו בצילום,1,הליכוד,,20,,,,,,,,,,,,
n12-midgam-2026-09-14.png,חדשות 12 — סקר חדש,2026-09-14,https://victorchina-ops.github.io/israel-election-simulator/sources/2026-09-14/n12-midgam-2026-09-14.png,https://www.mako.co.il/news-israel-elections/2026/Article-f91e6c26f80a0a1027.htm,,502,False,המנדטים והאחוזים שפורסמו בצילום,1,ביחד,,13,,,,,,,,,,,,
n12-midgam-2026-09-14.png,חדשות 12 — סקר חדש,2026-09-14,https://victorchina-ops.github.io/israel-election-simulator/sources/2026-09-14/n12-midgam-2026-09-14.png,https://www.mako.co.il/news-israel-elections/2026/Article-f91e6c26f80a0a1027.htm,,502,False,המנדטים והאחוזים שפורסמו בצילום,1,הדמוקרטים,,10,,,,,,,,,,,,
n12-midgam-2026-09-14.png,חדשות 12 — סקר חדש,2026-09-14,https://victorchina-ops.github.io/israel-election-simulator/sources/2026-09-14/n12-midgam-2026-09-14.png,https://www.mako.co.il/news-israel-elections/2026/Article-f91e6c26f80a0a1027.htm,,502,False,המנדטים והאחוזים שפורסמו בצילום,1,הרשימה המשותפת,,8,,,,,,,,,,,,
n12-midgam-2026-09-14.png,חדשות 12 — סקר חדש,2026-09-14,https://victorchina-ops.github.io/israel-election-simulator/sources/2026-09-14/n12-midgam-2026-09-14.png,https://www.mako.co.il/news-israel-elections/2026/Article-f91e6c26f80a0a1027.htm,,502,False,המנדטים והאחוזים שפורסמו בצילום,1,יהדות התורה,,8,,,,,,,,,,,,
n12-midgam-2026-09-14.png,חדשות 12 — סקר חדש,2026-09-14,https://victorchina-ops.github.io/israel-election-simulator/sources/2026-09-14/n12-midgam-2026-09-14.png,https://www.mako.co.il/news-israel-elections/2026/Article-f91e6c26f80a0a1027.htm,,502,False,המנדטים והאחוזים שפורסמו בצילום,1,ישראל ביתנו,,8,,,,,,,,,,,,
n12-midgam-2026-09-14.png,חדשות 12 — סקר חדש,2026-09-14,https://victorchina-ops.github.io/israel-election-simulator/sources/2026-09-14/n12-midgam-2026-09-14.png,https://www.mako.co.il/news-israel-elections/2026/Article-f91e6c26f80a0a1027.htm,,502,False,המנדטים והאחוזים שפורסמו בצילום,1,ש״ס,,7,,,,,,,,,,,,
n12-midgam-2026-09-14.png,חדשות 12 — סקר חדש,2026-09-14,https://victorchina-ops.github.io/israel-election-simulator/sources/2026-09-14/n12-midgam-2026-09-14.png,https://www.mako.co.il/news-israel-elections/2026/Article-f91e6c26f80a0a1027.htm,,502,False,המנדטים והאחוזים שפורסמו בצילום,1,עוצמה יהודית,,6,,,,,,,,,,,,
n12-midgam-2026-09-14.png,חדשות 12 — סקר חדש,2026-09-14,https://victorchina-ops.github.io/israel-election-simulator/sources/2026-09-14/n12-midgam-2026-09-14.png,https://www.mako.co.il/news-israel-elections/2026/Article-f91e6c26f80a0a1027.htm,,502,False,המנדטים והאחוזים שפורסמו בצילום,1,הציונות הדתית–זהות,,5,,,,,,,,,,,,
n12-midgam-2026-09-14.png,חדשות 12 — סקר חדש,2026-09-14,https://victorchina-ops.github.io/israel-election-simulator/sources/2026-09-14/n12-midgam-2026-09-14.png,https://www.mako.co.il/news-israel-elections/2026/Article-f91e6c26f80a0a1027.htm,,502,False,המנדטים והאחוזים שפורסמו בצילום,1,רע״ם,,4,,,,,,,,,,,,
n12-midgam-2026-09-14.png,חדשות 12 — סקר חדש,2026-09-14,https://victorchina-ops.github.io/israel-election-simulator/sources/2026-09-14/n12-midgam-2026-09-14.png,https://www.mako.co.il/news-israel-elections/2026/Article-f91e6c26f80a0a1027.htm,,502,False,המנדטים והאחוזים שפורסמו בצילום,1,עמך ישראל,,4,,,,,,,,,,,,
n12-midgam-2026-09-14.png,חדשות 12 — סקר חדש,2026-09-14,https://victorchina-ops.github.io/israel-election-simulator/sources/2026-09-14/n12-midgam-2026-09-14.png,https://www.mako.co.il/news-israel-elections/2026/Article-f91e6c26f80a0a1027.htm,,502,False,המנדטים והאחוזים שפורסמו בצילום,1,המילואימניקים והכלכלית,,4,,,,,,,,,,,,
n12-midgam-2026-09-14.png,חדשות 12 — סקר חדש,2026-09-14,https://victorchina-ops.github.io/israel-election-simulator/sources/2026-09-14/n12-midgam-2026-09-14.png,https://www.mako.co.il/news-israel-elections/2026/Article-f91e6c26f80a0a1027.htm,,502,False,המנדטים והאחוזים שפורסמו בצילום,1,כחול לבן,,0,0.5,,,,,,,,,,,
n12-midgam-2026-09-14.png,חדשות 12 — סקר חדש,2026-09-14,https://victorchina-ops.github.io/israel-election-simulator/sources/2026-09-14/n12-midgam-2026-09-14.png,https://www.mako.co.il/news-israel-elections/2026/Article-f91e6c26f80a0a1027.htm,,502,False,המנדטים והאחוזים שפורסמו בצילום,1,ישראל תחילה,,0,0.3,,,,,,,,,,,
n12-midgam-2026-09-14.png,חדשות 12 — סקר חדש,2026-09-14,https://victorchina-ops.github.io/israel-election-simulator/sources/2026-09-14/n12-midgam-2026-09-14.png,https://www.mako.co.il/news-israel-elections/2026/Article-f91e6c26f80a0a1027.htm,,502,False,המנדטים והאחוזים שפורסמו בצילום,1,הציבור החרדי,,0,0.2,,,,,,,,,,,
n12-midgam-2026-09-14.png,חדשות 12 — סקר חדש,2026-09-14,https://victorchina-ops.github.io/israel-election-simulator/sources/2026-09-14/n12-midgam-2026-09-14.png,https://www.mako.co.il/news-israel-elections/2026/Article-f91e6c26f80a0a1027.htm,,502,False,המנדטים והאחוזים שפורסמו בצילום,1,נעם לישראל,,0,0.1,,,,,,,,,,,
n12-midgam-2026-09-14.png,חדשות 12 — סקר חדש,2026-09-14,https://victorchina-ops.github.io/israel-election-simulator/sources/2026-09-14/n12-midgam-2026-09-14.png,https://www.mako.co.il/news-israel-elections/2026/Article-f91e6c26f80a0a1027.htm,,502,False,המנדטים והאחוזים שפורסמו בצילום,1,הקהל בראשות שלמה אלבוים,,0,0.1,,,,,,,,,,,
n12-midgam-2026-09-14.png,חדשות 12 — סקר חדש,2026-09-14,https://victorchina-ops.github.io/israel-election-simulator/sources/2026-09-14/n12-midgam-2026-09-14.png,https://www.mako.co.il/news-israel-elections/2026/Article-f91e6c26f80a0a1027.htm,,502,False,חלוקת הגושים במקור — נפרדת מהגדרת הגושים במודל,1,אופוזיציה,,54,,,,,,,,,,,,
n12-midgam-2026-09-14.png,חדשות 12 — סקר חדש,2026-09-14,https://victorchina-ops.github.io/israel-election-simulator/sources/2026-09-14/n12-midgam-2026-09-14.png,https://www.mako.co.il/news-israel-elections/2026/Article-f91e6c26f80a0a1027.htm,,502,False,חלוקת הגושים במקור — נפרדת מהגדרת הגושים במודל,1,קואליציה,,50,,,,,,,,,,,,
n12-midgam-2026-09-14.png,חדשות 12 — סקר חדש,2026-09-14,https://victorchina-ops.github.io/israel-election-simulator/sources/2026-09-14/n12-midgam-2026-09-14.png,https://www.mako.co.il/news-israel-elections/2026/Article-f91e6c26f80a0a1027.htm,,502,False,חלוקת הגושים במקור — נפרדת מהגדרת הגושים במודל,1,מפלגות ערביות,,12,,,,,,,,,,,,
n12-midgam-2026-09-14.png,חדשות 12 — סקר חדש,2026-09-14,https://victorchina-ops.github.io/israel-election-simulator/sources/2026-09-14/n12-midgam-2026-09-14.png,https://www.mako.co.il/news-israel-elections/2026/Article-f91e6c26f80a0a1027.htm,,502,False,חלוקת הגושים במקור — נפרדת מהגדרת הגושים במודל,1,המילואימניקים והכלכלית,,4,,,,,,,,,,,,
Survey4140.pdf,חדשות 13,2026-09-09,https://victorchina-ops.github.io/israel-election-simulator/sources/2026-09-14/Survey4140.pdf,,,1119,False,"אם הבחירות לכנסת היו מתקיימות היום, לאיזו מפלגה היית מצביע/ה?",1,כחול לבן,,0,,,,,,,,0.0,0.0,,1.3,0.0
Survey4140.pdf,חדשות 13,2026-09-09,https://victorchina-ops.github.io/israel-election-simulator/sources/2026-09-14/Survey4140.pdf,,,1119,False,"אם הבחירות לכנסת היו מתקיימות היום, לאיזו מפלגה היית מצביע/ה?",1,ליכוד,,19,,,,,,,,3.0,2.0,,10.5,10.0
Survey4140.pdf,חדשות 13,2026-09-09,https://victorchina-ops.github.io/israel-election-simulator/sources/2026-09-14/Survey4140.pdf,,,1119,False,"אם הבחירות לכנסת היו מתקיימות היום, לאיזו מפלגה היית מצביע/ה?",1,"ש""ס",,7,,,,,,,,17.3,0.3,,5.0,1.7
Survey4140.pdf,חדשות 13,2026-09-09,https://victorchina-ops.github.io/israel-election-simulator/sources/2026-09-14/Survey4140.pdf,,,1119,False,"אם הבחירות לכנסת היו מתקיימות היום, לאיזו מפלגה היית מצביע/ה?",1,הציונות הדתית + זהות,,6,,,,,,,,5.1,0.0,,5.2,6.7
Survey4140.pdf,חדשות 13,2026-09-09,https://victorchina-ops.github.io/israel-election-simulator/sources/2026-09-14/Survey4140.pdf,,,1119,False,"אם הבחירות לכנסת היו מתקיימות היום, לאיזו מפלגה היית מצביע/ה?",1,יהדות התורה,,8,,,,,,,,45.1,0.0,,5.8,13.3
Survey4140.pdf,חדשות 13,2026-09-09,https://victorchina-ops.github.io/israel-election-simulator/sources/2026-09-14/Survey4140.pdf,,,1119,False,"אם הבחירות לכנסת היו מתקיימות היום, לאיזו מפלגה היית מצביע/ה?",1,ישראל ביתנו,,8,,,,,,,,0.0,1.6,,7.0,8.3
Survey4140.pdf,חדשות 13,2026-09-09,https://victorchina-ops.github.io/israel-election-simulator/sources/2026-09-14/Survey4140.pdf,,,1119,False,"אם הבחירות לכנסת היו מתקיימות היום, לאיזו מפלגה היית מצביע/ה?",1,"רע""מ",,6,,,,,,,,0.4,23.9,,0.0,0.0
Survey4140.pdf,חדשות 13,2026-09-09,https://victorchina-ops.github.io/israel-election-simulator/sources/2026-09-14/Survey4140.pdf,,,1119,False,"אם הבחירות לכנסת היו מתקיימות היום, לאיזו מפלגה היית מצביע/ה?",1,הרשימה המשותפת,,8,,,,,,,,0.0,32.8,,0.0,1.7
Survey4140.pdf,חדשות 13,2026-09-09,https://victorchina-ops.github.io/israel-election-simulator/sources/2026-09-14/Survey4140.pdf,,,1119,False,"אם הבחירות לכנסת היו מתקיימות היום, לאיזו מפלגה היית מצביע/ה?",1,עוצמה יהודית,,9,,,,,,,,5.1,0.0,,4.7,10.0
Survey4140.pdf,חדשות 13,2026-09-09,https://victorchina-ops.github.io/israel-election-simulator/sources/2026-09-14/Survey4140.pdf,,,1119,False,"אם הבחירות לכנסת היו מתקיימות היום, לאיזו מפלגה היית מצביע/ה?",1,הדמוקרטים,,10,,,,,,,,0.0,4.3,,7.5,6.7
Survey4140.pdf,חדשות 13,2026-09-09,https://victorchina-ops.github.io/israel-election-simulator/sources/2026-09-14/Survey4140.pdf,,,1119,False,"אם הבחירות לכנסת היו מתקיימות היום, לאיזו מפלגה היית מצביע/ה?",1,ביחד,,13,,,,,,,,0.0,0.7,,11.5,11.7
Survey4140.pdf,חדשות 13,2026-09-09,https://victorchina-ops.github.io/israel-election-simulator/sources/2026-09-14/Survey4140.pdf,,,1119,False,"אם הבחירות לכנסת היו מתקיימות היום, לאיזו מפלגה היית מצביע/ה?",1,ישר,,21,,,,,,,,0.0,2.4,,15.5,11.7
Survey4140.pdf,חדשות 13,2026-09-09,https://victorchina-ops.github.io/israel-election-simulator/sources/2026-09-14/Survey4140.pdf,,,1119,False,"אם הבחירות לכנסת היו מתקיימות היום, לאיזו מפלגה היית מצביע/ה?",1,המילואימניקים והכלכלית,,0,,,,,,,,0.0,0.3,,3.5,0.0
Survey4140.pdf,חדשות 13,2026-09-09,https://victorchina-ops.github.io/israel-election-simulator/sources/2026-09-14/Survey4140.pdf,,,1119,False,"אם הבחירות לכנסת היו מתקיימות היום, לאיזו מפלגה היית מצביע/ה?",1,עמך ישראל,,5,,,,,,,,0.8,0.4,,4.0,1.7
Survey4140.pdf,חדשות 13,2026-09-09,https://victorchina-ops.github.io/israel-election-simulator/sources/2026-09-14/Survey4140.pdf,,,1119,False,"אם הבחירות לכנסת היו מתקיימות היום, לאיזו מפלגה היית מצביע/ה?",1,מפלגת הציבור החרדי,,0,,,,,,,,4.6,0.0,,0.8,3.3
Survey4140.pdf,חדשות 13,2026-09-09,https://victorchina-ops.github.io/israel-election-simulator/sources/2026-09-14/Survey4140.pdf,,,1119,False,"אם הבחירות לכנסת היו מתקיימות היום, לאיזו מפלגה היית מצביע/ה?",1,מפלגת הקהל,,0,,,,,,,,0.4,0.0,,0.0,0.0
Survey4140.pdf,חדשות 13,2026-09-09,https://victorchina-ops.github.io/israel-election-simulator/sources/2026-09-14/Survey4140.pdf,,,1119,False,"אם הבחירות לכנסת היו מתקיימות היום, לאיזו מפלגה היית מצביע/ה?",1,נעם,,0,,,,,,,,0.0,0.0,,0.0,0.0
Survey4140.pdf,חדשות 13,2026-09-09,https://victorchina-ops.github.io/israel-election-simulator/sources/2026-09-14/Survey4140.pdf,,,1119,False,"אם הבחירות לכנסת היו מתקיימות היום, לאיזו מפלגה היית מצביע/ה?",1,צבע שחור,,0,,,,,,,,0.4,0.0,,0.0,0.0
Survey4140.pdf,חדשות 13,2026-09-09,https://victorchina-ops.github.io/israel-election-simulator/sources/2026-09-14/Survey4140.pdf,,,1119,False,"אם הבחירות לכנסת היו מתקיימות היום, לאיזו מפלגה היית מצביע/ה?",1,ישראל תחילה,,0,,,,,,,,0.0,0.0,,0.0,0.0
Survey4140.pdf,חדשות 13,2026-09-09,https://victorchina-ops.github.io/israel-election-simulator/sources/2026-09-14/Survey4140.pdf,,,1119,False,"אם הבחירות לכנסת היו מתקיימות היום, לאיזו מפלגה היית מצביע/ה?",1,מפלגה אחרת,,,,,,,,,,1.3,0.0,,0.3,0.0
Survey4140.pdf,חדשות 13,2026-09-09,https://victorchina-ops.github.io/israel-election-simulator/sources/2026-09-14/Survey4140.pdf,,,1119,False,"אם הבחירות לכנסת היו מתקיימות היום, לאיזו מפלגה היית מצביע/ה?",1,עדיין לא החלטתי,,,,,,,,,,9.7,15.0,,12.3,11.7
Survey4140.pdf,חדשות 13,2026-09-09,https://victorchina-ops.github.io/israel-election-simulator/sources/2026-09-14/Survey4140.pdf,,,1119,False,"אם הבחירות לכנסת היו מתקיימות היום, לאיזו מפלגה היית מצביע/ה?",1,פתק לבן,,,,,,,,,,1.3,0.0,,0.5,0.0
Survey4140.pdf,חדשות 13,2026-09-09,https://victorchina-ops.github.io/israel-election-simulator/sources/2026-09-14/Survey4140.pdf,,,1119,False,"אם הבחירות לכנסת היו מתקיימות היום, לאיזו מפלגה היית מצביע/ה?",1,לא מתכוון להצביע,,,,,,,,,,5.5,16.2,,4.7,1.7
Survey4141.pdf,חדשות 12,2026-09-07,https://victorchina-ops.github.io/israel-election-simulator/sources/2026-09-14/Survey4141.pdf,,,503,False,"אתמול הצטרף חילי טרופר למפלגת ""ישר! בראשות גדי איזנקוט"" ובנוסף מפלגות ""המילואימניקים"" של יועז הנדל ו""הכלכלית החדשה"" של ירון זליכה הודיעו על התמודדות ברשימה אחת. אילו הבחירות לכנסת היו מתקיימות היום, לאיזו מפלגה היית מצביע?",2,ישר! עם איזנקוט בראשות גדי איזנקוט,,25,19.7,,,,,,,,,,,
Survey4141.pdf,חדשות 12,2026-09-07,https://victorchina-ops.github.io/israel-election-simulator/sources/2026-09-14/Survey4141.pdf,,,503,False,"אתמול הצטרף חילי טרופר למפלגת ""ישר! בראשות גדי איזנקוט"" ובנוסף מפלגות ""המילואימניקים"" של יועז הנדל ו""הכלכלית החדשה"" של ירון זליכה הודיעו על התמודדות ברשימה אחת. אילו הבחירות לכנסת היו מתקיימות היום, לאיזו מפלגה היית מצביע?",2,הליכוד בראשות בנימין נתניהו,,21,16.6,,,,,,,,,,,
Survey4141.pdf,חדשות 12,2026-09-07,https://victorchina-ops.github.io/israel-election-simulator/sources/2026-09-14/Survey4141.pdf,,,503,False,"אתמול הצטרף חילי טרופר למפלגת ""ישר! בראשות גדי איזנקוט"" ובנוסף מפלגות ""המילואימניקים"" של יועז הנדל ו""הכלכלית החדשה"" של ירון זליכה הודיעו על התמודדות ברשימה אחת. אילו הבחירות לכנסת היו מתקיימות היום, לאיזו מפלגה היית מצביע?",2,ביחד בראשות נפתלי בנט,,13,10.3,,,,,,,,,,,
Survey4141.pdf,חדשות 12,2026-09-07,https://victorchina-ops.github.io/israel-election-simulator/sources/2026-09-14/Survey4141.pdf,,,503,False,"אתמול הצטרף חילי טרופר למפלגת ""ישר! בראשות גדי איזנקוט"" ובנוסף מפלגות ""המילואימניקים"" של יועז הנדל ו""הכלכלית החדשה"" של ירון זליכה הודיעו על התמודדות ברשימה אחת. אילו הבחירות לכנסת היו מתקיימות היום, לאיזו מפלגה היית מצביע?",2,הדמוקרטים בראשות יאיר גולן,,11,8.7,,,,,,,,,,,
Survey4141.pdf,חדשות 12,2026-09-07,https://victorchina-ops.github.io/israel-election-simulator/sources/2026-09-14/Survey4141.pdf,,,503,False,"אתמול הצטרף חילי טרופר למפלגת ""ישר! בראשות גדי איזנקוט"" ובנוסף מפלגות ""המילואימניקים"" של יועז הנדל ו""הכלכלית החדשה"" של ירון זליכה הודיעו על התמודדות ברשימה אחת. אילו הבחירות לכנסת היו מתקיימות היום, לאיזו מפלגה היית מצביע?",2,יהדות התורה בראשות יעקב אשר,,8,6.1,,,,,,,,,,,
Survey4141.pdf,חדשות 12,2026-09-07,https://victorchina-ops.github.io/israel-election-simulator/sources/2026-09-14/Survey4141.pdf,,,503,False,"אתמול הצטרף חילי טרופר למפלגת ""ישר! בראשות גדי איזנקוט"" ובנוסף מפלגות ""המילואימניקים"" של יועז הנדל ו""הכלכלית החדשה"" של ירון זליכה הודיעו על התמודדות ברשימה אחת. אילו הבחירות לכנסת היו מתקיימות היום, לאיזו מפלגה היית מצביע?",2,ישראל ביתנו בראשות אביגדור ליברמן,,8,6.0,,,,,,,,,,,
Survey4141.pdf,חדשות 12,2026-09-07,https://victorchina-ops.github.io/israel-election-simulator/sources/2026-09-14/Survey4141.pdf,,,503,False,"אתמול הצטרף חילי טרופר למפלגת ""ישר! בראשות גדי איזנקוט"" ובנוסף מפלגות ""המילואימניקים"" של יועז הנדל ו""הכלכלית החדשה"" של ירון זליכה הודיעו על התמודדות ברשימה אחת. אילו הבחירות לכנסת היו מתקיימות היום, לאיזו מפלגה היית מצביע?",2,"הרשימה המשותפת (חד""ש, תע""ל, בל""ד) בראשות יוסף ג`בארין",,7,5.4,,,,,,,,,,,
Survey4141.pdf,חדשות 12,2026-09-07,https://victorchina-ops.github.io/israel-election-simulator/sources/2026-09-14/Survey4141.pdf,,,503,False,"אתמול הצטרף חילי טרופר למפלגת ""ישר! בראשות גדי איזנקוט"" ובנוסף מפלגות ""המילואימניקים"" של יועז הנדל ו""הכלכלית החדשה"" של ירון זליכה הודיעו על התמודדות ברשימה אחת. אילו הבחירות לכנסת היו מתקיימות היום, לאיזו מפלגה היית מצביע?",2,"ש""ס בראשות אריה דרעי",,7,5.3,,,,,,,,,,,
Survey4141.pdf,חדשות 12,2026-09-07,https://victorchina-ops.github.io/israel-election-simulator/sources/2026-09-14/Survey4141.pdf,,,503,False,"אתמול הצטרף חילי טרופר למפלגת ""ישר! בראשות גדי איזנקוט"" ובנוסף מפלגות ""המילואימניקים"" של יועז הנדל ו""הכלכלית החדשה"" של ירון זליכה הודיעו על התמודדות ברשימה אחת. אילו הבחירות לכנסת היו מתקיימות היום, לאיזו מפלגה היית מצביע?",2,הציונות הדתית – זהות בראשות בצלאל סמוטריץ` ומשה פייגלין,,6,4.7,,,,,,,,,,,
Survey4141.pdf,חדשות 12,2026-09-07,https://victorchina-ops.github.io/israel-election-simulator/sources/2026-09-14/Survey4141.pdf,,,503,False,"אתמול הצטרף חילי טרופר למפלגת ""ישר! בראשות גדי איזנקוט"" ובנוסף מפלגות ""המילואימניקים"" של יועז הנדל ו""הכלכלית החדשה"" של ירון זליכה הודיעו על התמודדות ברשימה אחת. אילו הבחירות לכנסת היו מתקיימות היום, לאיזו מפלגה היית מצביע?",2,עוצמה יהודית בראשות איתמר בן גביר,,6,4.7,,,,,,,,,,,
Survey4141.pdf,חדשות 12,2026-09-07,https://victorchina-ops.github.io/israel-election-simulator/sources/2026-09-14/Survey4141.pdf,,,503,False,"אתמול הצטרף חילי טרופר למפלגת ""ישר! בראשות גדי איזנקוט"" ובנוסף מפלגות ""המילואימניקים"" של יועז הנדל ו""הכלכלית החדשה"" של ירון זליכה הודיעו על התמודדות ברשימה אחת. אילו הבחירות לכנסת היו מתקיימות היום, לאיזו מפלגה היית מצביע?",2,עמך ישראל בראשות עופר וינטר,,4,3.4,,,,,,,,,,,
Survey4141.pdf,חדשות 12,2026-09-07,https://victorchina-ops.github.io/israel-election-simulator/sources/2026-09-14/Survey4141.pdf,,,503,False,"אתמול הצטרף חילי טרופר למפלגת ""ישר! בראשות גדי איזנקוט"" ובנוסף מפלגות ""המילואימניקים"" של יועז הנדל ו""הכלכלית החדשה"" של ירון זליכה הודיעו על התמודדות ברשימה אחת. אילו הבחירות לכנסת היו מתקיימות היום, לאיזו מפלגה היית מצביע?",2,"הרשימה הערבית המאוחדת - רע""ם בראשות מנסור עבאס ויואב סגלוביץ`",,4,3.3,,,,,,,,,,,
Survey4141.pdf,חדשות 12,2026-09-07,https://victorchina-ops.github.io/israel-election-simulator/sources/2026-09-14/Survey4141.pdf,,,503,False,"אתמול הצטרף חילי טרופר למפלגת ""ישר! בראשות גדי איזנקוט"" ובנוסף מפלגות ""המילואימניקים"" של יועז הנדל ו""הכלכלית החדשה"" של ירון זליכה הודיעו על התמודדות ברשימה אחת. אילו הבחירות לכנסת היו מתקיימות היום, לאיזו מפלגה היית מצביע?",2,המילואימניקים - הכלכלית החדשה בראשות יועז הנדל וירון זליכה,,0,2.7,,,,,,,,,,,
Survey4141.pdf,חדשות 12,2026-09-07,https://victorchina-ops.github.io/israel-election-simulator/sources/2026-09-14/Survey4141.pdf,,,503,False,"אתמול הצטרף חילי טרופר למפלגת ""ישר! בראשות גדי איזנקוט"" ובנוסף מפלגות ""המילואימניקים"" של יועז הנדל ו""הכלכלית החדשה"" של ירון זליכה הודיעו על התמודדות ברשימה אחת. אילו הבחירות לכנסת היו מתקיימות היום, לאיזו מפלגה היית מצביע?",2,הציבור החרדי בראשות מוטי לייטנר,,0,1.1,,,,,,,,,,,
Survey4141.pdf,חדשות 12,2026-09-07,https://victorchina-ops.github.io/israel-election-simulator/sources/2026-09-14/Survey4141.pdf,,,503,False,"אתמול הצטרף חילי טרופר למפלגת ""ישר! בראשות גדי איזנקוט"" ובנוסף מפלגות ""המילואימניקים"" של יועז הנדל ו""הכלכלית החדשה"" של ירון זליכה הודיעו על התמודדות ברשימה אחת. אילו הבחירות לכנסת היו מתקיימות היום, לאיזו מפלגה היית מצביע?",2,כחול לבן בראשות בני גנץ,,0,1.0,,,,,,,,,,,
Survey4141.pdf,חדשות 12,2026-09-07,https://victorchina-ops.github.io/israel-election-simulator/sources/2026-09-14/Survey4141.pdf,,,503,False,"אתמול הצטרף חילי טרופר למפלגת ""ישר! בראשות גדי איזנקוט"" ובנוסף מפלגות ""המילואימניקים"" של יועז הנדל ו""הכלכלית החדשה"" של ירון זליכה הודיעו על התמודדות ברשימה אחת. אילו הבחירות לכנסת היו מתקיימות היום, לאיזו מפלגה היית מצביע?",2,נעם לישראל בראשות אבי מעוז,,0,0.2,,,,,,,,,,,
Survey4141.pdf,חדשות 12,2026-09-07,https://victorchina-ops.github.io/israel-election-simulator/sources/2026-09-14/Survey4141.pdf,,,503,False,"אתמול הצטרף חילי טרופר למפלגת ""ישר! בראשות גדי איזנקוט"" ובנוסף מפלגות ""המילואימניקים"" של יועז הנדל ו""הכלכלית החדשה"" של ירון זליכה הודיעו על התמודדות ברשימה אחת. אילו הבחירות לכנסת היו מתקיימות היום, לאיזו מפלגה היית מצביע?",2,מקום לכולנו בראשות רולא דאוד ואלון לי-גרין,,0,0.1,,,,,,,,,,,
Survey4141.pdf,חדשות 12,2026-09-07,https://victorchina-ops.github.io/israel-election-simulator/sources/2026-09-14/Survey4141.pdf,,,503,False,"אתמול הצטרף חילי טרופר למפלגת ""ישר! בראשות גדי איזנקוט"" ובנוסף מפלגות ""המילואימניקים"" של יועז הנדל ו""הכלכלית החדשה"" של ירון זליכה הודיעו על התמודדות ברשימה אחת. אילו הבחירות לכנסת היו מתקיימות היום, לאיזו מפלגה היית מצביע?",2,ישראל תחילה – עלה ירוק בראשות שרן השכל,,0,0.0,,,,,,,,,,,
Survey4141.pdf,חדשות 12,2026-09-07,https://victorchina-ops.github.io/israel-election-simulator/sources/2026-09-14/Survey4141.pdf,,,503,False,"אתמול הצטרף חילי טרופר למפלגת ""ישר! בראשות גדי איזנקוט"" ובנוסף מפלגות ""המילואימניקים"" של יועז הנדל ו""הכלכלית החדשה"" של ירון זליכה הודיעו על התמודדות ברשימה אחת. אילו הבחירות לכנסת היו מתקיימות היום, לאיזו מפלגה היית מצביע?",2,מפלגות אחרות,,0,0.7,,,,,,,,,,,
Survey4141.pdf,חדשות 12,2026-09-07,https://victorchina-ops.github.io/israel-election-simulator/sources/2026-09-14/Survey4141.pdf,,,503,False,"אילו הבחירות היו היום והציונות הדתית – זהות ועמך ישראל היו מתמודדות ברשימה אחת ויתר המפלגות ללא שינוי, לאיזו מפלגה היית מצביע?",3,ישר! עם איזנקוט בראשות גדי איזנקוט,,25,19.8,,,,,,,,,,,
Survey4141.pdf,חדשות 12,2026-09-07,https://victorchina-ops.github.io/israel-election-simulator/sources/2026-09-14/Survey4141.pdf,,,503,False,"אילו הבחירות היו היום והציונות הדתית – זהות ועמך ישראל היו מתמודדות ברשימה אחת ויתר המפלגות ללא שינוי, לאיזו מפלגה היית מצביע?",3,הליכוד בראשות בנימין נתניהו,,21,16.7,,,,,,,,,,,
Survey4141.pdf,חדשות 12,2026-09-07,https://victorchina-ops.github.io/israel-election-simulator/sources/2026-09-14/Survey4141.pdf,,,503,False,"אילו הבחירות היו היום והציונות הדתית – זהות ועמך ישראל היו מתמודדות ברשימה אחת ויתר המפלגות ללא שינוי, לאיזו מפלגה היית מצביע?",3,ביחד בראשות נפתלי בנט,,13,10.3,,,,,,,,,,,
Survey4141.pdf,חדשות 12,2026-09-07,https://victorchina-ops.github.io/israel-election-simulator/sources/2026-09-14/Survey4141.pdf,,,503,False,"אילו הבחירות היו היום והציונות הדתית – זהות ועמך ישראל היו מתמודדות ברשימה אחת ויתר המפלגות ללא שינוי, לאיזו מפלגה היית מצביע?",3,הדמוקרטים בראשות יאיר גולן,,11,8.7,,,,,,,,,,,
Survey4141.pdf,חדשות 12,2026-09-07,https://victorchina-ops.github.io/israel-election-simulator/sources/2026-09-14/Survey4141.pdf,,,503,False,"אילו הבחירות היו היום והציונות הדתית – זהות ועמך ישראל היו מתמודדות ברשימה אחת ויתר המפלגות ללא שינוי, לאיזו מפלגה היית מצביע?",3,הציונות הדתית-זהות בראשות בצלאל סמוטריץ` ומשה פייגלין ועמך ישראל בראשות עופר וינטר,,10,7.9,,,,,,,,,,,
Survey4141.pdf,חדשות 12,2026-09-07,https://victorchina-ops.github.io/israel-election-simulator/sources/2026-09-14/Survey4141.pdf,,,503,False,"אילו הבחירות היו היום והציונות הדתית – זהות ועמך ישראל היו מתמודדות ברשימה אחת ויתר המפלגות ללא שינוי, לאיזו מפלגה היית מצביע?",3,ישראל ביתנו בראשות אביגדור ליברמן,,8,6.3,,,,,,,,,,,
Survey4141.pdf,חדשות 12,2026-09-07,https://victorchina-ops.github.io/israel-election-simulator/sources/2026-09-14/Survey4141.pdf,,,503,False,"אילו הבחירות היו היום והציונות הדתית – זהות ועמך ישראל היו מתמודדות ברשימה אחת ויתר המפלגות ללא שינוי, לאיזו מפלגה היית מצביע?",3,יהדות התורה בראשות יעקב אשר,,8,6.2,,,,,,,,,,,
Survey4141.pdf,חדשות 12,2026-09-07,https://victorchina-ops.github.io/israel-election-simulator/sources/2026-09-14/Survey4141.pdf,,,503,False,"אילו הבחירות היו היום והציונות הדתית – זהות ועמך ישראל היו מתמודדות ברשימה אחת ויתר המפלגות ללא שינוי, לאיזו מפלגה היית מצביע?",3,"הרשימה המשותפת (חד""ש, תע""ל, בל""ד) בראשות יוסף ג`בארין",,7,5.5,,,,,,,,,,,
Survey4141.pdf,חדשות 12,2026-09-07,https://victorchina-ops.github.io/israel-election-simulator/sources/2026-09-14/Survey4141.pdf,,,503,False,"אילו הבחירות היו היום והציונות הדתית – זהות ועמך ישראל היו מתמודדות ברשימה אחת ויתר המפלגות ללא שינוי, לאיזו מפלגה היית מצביע?",3,"ש""ס בראשות אריה דרעי",,7,5.4,,,,,,,,,,,
Survey4141.pdf,חדשות 12,2026-09-07,https://victorchina-ops.github.io/israel-election-simulator/sources/2026-09-14/Survey4141.pdf,,,503,False,"אילו הבחירות היו היום והציונות הדתית – זהות ועמך ישראל היו מתמודדות ברשימה אחת ויתר המפלגות ללא שינוי, לאיזו מפלגה היית מצביע?",3,עוצמה יהודית בראשות איתמר בן גביר,,6,4.8,,,,,,,,,,,
Survey4141.pdf,חדשות 12,2026-09-07,https://victorchina-ops.github.io/israel-election-simulator/sources/2026-09-14/Survey4141.pdf,,,503,False,"אילו הבחירות היו היום והציונות הדתית – זהות ועמך ישראל היו מתמודדות ברשימה אחת ויתר המפלגות ללא שינוי, לאיזו מפלגה היית מצביע?",3,"הרשימה הערבית המאוחדת - רע""ם בראשות מנסור עבאס ויואב סגלוביץ`",,4,3.3,,,,,,,,,,,
Survey4141.pdf,חדשות 12,2026-09-07,https://victorchina-ops.github.io/israel-election-simulator/sources/2026-09-14/Survey4141.pdf,,,503,False,"אילו הבחירות היו היום והציונות הדתית – זהות ועמך ישראל היו מתמודדות ברשימה אחת ויתר המפלגות ללא שינוי, לאיזו מפלגה היית מצביע?",3,המילואימניקים - הכלכלית החדשה בראשות יועז הנדל וירון זליכה,,0,2.3,,,,,,,,,,,
Survey4141.pdf,חדשות 12,2026-09-07,https://victorchina-ops.github.io/israel-election-simulator/sources/2026-09-14/Survey4141.pdf,,,503,False,"אילו הבחירות היו היום והציונות הדתית – זהות ועמך ישראל היו מתמודדות ברשימה אחת ויתר המפלגות ללא שינוי, לאיזו מפלגה היית מצביע?",3,הציבור החרדי בראשות מוטי לייטנר,,0,1.0,,,,,,,,,,,
Survey4141.pdf,חדשות 12,2026-09-07,https://victorchina-ops.github.io/israel-election-simulator/sources/2026-09-14/Survey4141.pdf,,,503,False,"אילו הבחירות היו היום והציונות הדתית – זהות ועמך ישראל היו מתמודדות ברשימה אחת ויתר המפלגות ללא שינוי, לאיזו מפלגה היית מצביע?",3,כחול לבן בראשות בני גנץ,,0,0.5,,,,,,,,,,,
Survey4141.pdf,חדשות 12,2026-09-07,https://victorchina-ops.github.io/israel-election-simulator/sources/2026-09-14/Survey4141.pdf,,,503,False,"אילו הבחירות היו היום והציונות הדתית – זהות ועמך ישראל היו מתמודדות ברשימה אחת ויתר המפלגות ללא שינוי, לאיזו מפלגה היית מצביע?",3,מקום לכולנו בראשות רולא דאוד ואלון לי-גרין,,0,0.4,,,,,,,,,,,
Survey4141.pdf,חדשות 12,2026-09-07,https://victorchina-ops.github.io/israel-election-simulator/sources/2026-09-14/Survey4141.pdf,,,503,False,"אילו הבחירות היו היום והציונות הדתית – זהות ועמך ישראל היו מתמודדות ברשימה אחת ויתר המפלגות ללא שינוי, לאיזו מפלגה היית מצביע?",3,נעם לישראל בראשות אבי מעוז,,0,0.2,,,,,,,,,,,
Survey4141.pdf,חדשות 12,2026-09-07,https://victorchina-ops.github.io/israel-election-simulator/sources/2026-09-14/Survey4141.pdf,,,503,False,"אילו הבחירות היו היום והציונות הדתית – זהות ועמך ישראל היו מתמודדות ברשימה אחת ויתר המפלגות ללא שינוי, לאיזו מפלגה היית מצביע?",3,ישראל תחילה – עלה ירוק בראשות שרן השכל,,0,0.1,,,,,,,,,,,
Survey4141.pdf,חדשות 12,2026-09-07,https://victorchina-ops.github.io/israel-election-simulator/sources/2026-09-14/Survey4141.pdf,,,503,False,"אילו הבחירות היו היום והציונות הדתית – זהות ועמך ישראל היו מתמודדות ברשימה אחת ויתר המפלגות ללא שינוי, לאיזו מפלגה היית מצביע?",3,מפלגות אחרות,,0,0.6,,,,,,,,,,,
Survey4141.pdf,חדשות 12,2026-09-07,https://victorchina-ops.github.io/israel-election-simulator/sources/2026-09-14/Survey4141.pdf,,,503,False,"אילו הבחירות היו היום וכחול לבן והמילואימניקים-הכלכלית החדשה היו מתמודדות ברשימה אחת ויתר המפלגות ללא שינוי, לאיזו מפלגה היית מצביע?",4,ישר! עם איזנקוט בראשות גדי איזנקוט,,25,19.7,,,,,,,,,,,
Survey4141.pdf,חדשות 12,2026-09-07,https://victorchina-ops.github.io/israel-election-simulator/sources/2026-09-14/Survey4141.pdf,,,503,False,"אילו הבחירות היו היום וכחול לבן והמילואימניקים-הכלכלית החדשה היו מתמודדות ברשימה אחת ויתר המפלגות ללא שינוי, לאיזו מפלגה היית מצביע?",4,הליכוד בראשות בנימין נתניהו,,21,16.6,,,,,,,,,,,
Survey4141.pdf,חדשות 12,2026-09-07,https://victorchina-ops.github.io/israel-election-simulator/sources/2026-09-14/Survey4141.pdf,,,503,False,"אילו הבחירות היו היום וכחול לבן והמילואימניקים-הכלכלית החדשה היו מתמודדות ברשימה אחת ויתר המפלגות ללא שינוי, לאיזו מפלגה היית מצביע?",4,ביחד בראשות נפתלי בנט,,13,10.3,,,,,,,,,,,
Survey4141.pdf,חדשות 12,2026-09-07,https://victorchina-ops.github.io/israel-election-simulator/sources/2026-09-14/Survey4141.pdf,,,503,False,"אילו הבחירות היו היום וכחול לבן והמילואימניקים-הכלכלית החדשה היו מתמודדות ברשימה אחת ויתר המפלגות ללא שינוי, לאיזו מפלגה היית מצביע?",4,הדמוקרטים בראשות יאיר גולן,,11,8.6,,,,,,,,,,,
Survey4141.pdf,חדשות 12,2026-09-07,https://victorchina-ops.github.io/israel-election-simulator/sources/2026-09-14/Survey4141.pdf,,,503,False,"אילו הבחירות היו היום וכחול לבן והמילואימניקים-הכלכלית החדשה היו מתמודדות ברשימה אחת ויתר המפלגות ללא שינוי, לאיזו מפלגה היית מצביע?",4,יהדות התורה בראשות יעקב אשר,,8,6.4,,,,,,,,,,,
Survey4141.pdf,חדשות 12,2026-09-07,https://victorchina-ops.github.io/israel-election-simulator/sources/2026-09-14/Survey4141.pdf,,,503,False,"אילו הבחירות היו היום וכחול לבן והמילואימניקים-הכלכלית החדשה היו מתמודדות ברשימה אחת ויתר המפלגות ללא שינוי, לאיזו מפלגה היית מצביע?",4,ישראל ביתנו בראשות אביגדור ליברמן,,8,6.2,,,,,,,,,,,
Survey4141.pdf,חדשות 12,2026-09-07,https://victorchina-ops.github.io/israel-election-simulator/sources/2026-09-14/Survey4141.pdf,,,503,False,"אילו הבחירות היו היום וכחול לבן והמילואימניקים-הכלכלית החדשה היו מתמודדות ברשימה אחת ויתר המפלגות ללא שינוי, לאיזו מפלגה היית מצביע?",4,"ש""ס בראשות אריה דרעי",,7,5.6,,,,,,,,,,,
Survey4141.pdf,חדשות 12,2026-09-07,https://victorchina-ops.github.io/israel-election-simulator/sources/2026-09-14/Survey4141.pdf,,,503,False,"אילו הבחירות היו היום וכחול לבן והמילואימניקים-הכלכלית החדשה היו מתמודדות ברשימה אחת ויתר המפלגות ללא שינוי, לאיזו מפלגה היית מצביע?",4,"הרשימה המשותפת (חד""ש, תע""ל, בל""ד) בראשות יוסף ג`בארין",,7,5.5,,,,,,,,,,,
Survey4141.pdf,חדשות 12,2026-09-07,https://victorchina-ops.github.io/israel-election-simulator/sources/2026-09-14/Survey4141.pdf,,,503,False,"אילו הבחירות היו היום וכחול לבן והמילואימניקים-הכלכלית החדשה היו מתמודדות ברשימה אחת ויתר המפלגות ללא שינוי, לאיזו מפלגה היית מצביע?",4,הציונות הדתית – זהות בראשות בצלאל סמוטריץ` ומשה פייגלין,,6,4.8,,,,,,,,,,,
Survey4141.pdf,חדשות 12,2026-09-07,https://victorchina-ops.github.io/israel-election-simulator/sources/2026-09-14/Survey4141.pdf,,,503,False,"אילו הבחירות היו היום וכחול לבן והמילואימניקים-הכלכלית החדשה היו מתמודדות ברשימה אחת ויתר המפלגות ללא שינוי, לאיזו מפלגה היית מצביע?",4,עוצמה יהודית בראשות איתמר בן גביר,,6,4.8,,,,,,,,,,,
Survey4141.pdf,חדשות 12,2026-09-07,https://victorchina-ops.github.io/israel-election-simulator/sources/2026-09-14/Survey4141.pdf,,,503,False,"אילו הבחירות היו היום וכחול לבן והמילואימניקים-הכלכלית החדשה היו מתמודדות ברשימה אחת ויתר המפלגות ללא שינוי, לאיזו מפלגה היית מצביע?",4,עמך ישראל בראשות עופר וינטר,,4,3.4,,,,,,,,,,,
Survey4141.pdf,חדשות 12,2026-09-07,https://victorchina-ops.github.io/israel-election-simulator/sources/2026-09-14/Survey4141.pdf,,,503,False,"אילו הבחירות היו היום וכחול לבן והמילואימניקים-הכלכלית החדשה היו מתמודדות ברשימה אחת ויתר המפלגות ללא שינוי, לאיזו מפלגה היית מצביע?",4,"הרשימה הערבית המאוחדת - רע""ם בראשות מנסור עבאס ויואב סגלוביץ`",,4,3.3,,,,,,,,,,,
Survey4141.pdf,חדשות 12,2026-09-07,https://victorchina-ops.github.io/israel-election-simulator/sources/2026-09-14/Survey4141.pdf,,,503,False,"אילו הבחירות היו היום וכחול לבן והמילואימניקים-הכלכלית החדשה היו מתמודדות ברשימה אחת ויתר המפלגות ללא שינוי, לאיזו מפלגה היית מצביע?",4,כחול לבן בראשות בני גנץ והמילואימניקים - הכלכלית החדשה בראשות יועז הנדל וירון זליכה,,0,2.5,,,,,,,,,,,
Survey4141.pdf,חדשות 12,2026-09-07,https://victorchina-ops.github.io/israel-election-simulator/sources/2026-09-14/Survey4141.pdf,,,503,False,"אילו הבחירות היו היום וכחול לבן והמילואימניקים-הכלכלית החדשה היו מתמודדות ברשימה אחת ויתר המפלגות ללא שינוי, לאיזו מפלגה היית מצביע?",4,הציבור החרדי בראשות מוטי לייטנר,,0,1.0,,,,,,,,,,,
Survey4141.pdf,חדשות 12,2026-09-07,https://victorchina-ops.github.io/israel-election-simulator/sources/2026-09-14/Survey4141.pdf,,,503,False,"אילו הבחירות היו היום וכחול לבן והמילואימניקים-הכלכלית החדשה היו מתמודדות ברשימה אחת ויתר המפלגות ללא שינוי, לאיזו מפלגה היית מצביע?",4,נעם לישראל בראשות אבי מעוז,,0,0.2,,,,,,,,,,,
Survey4141.pdf,חדשות 12,2026-09-07,https://victorchina-ops.github.io/israel-election-simulator/sources/2026-09-14/Survey4141.pdf,,,503,False,"אילו הבחירות היו היום וכחול לבן והמילואימניקים-הכלכלית החדשה היו מתמודדות ברשימה אחת ויתר המפלגות ללא שינוי, לאיזו מפלגה היית מצביע?",4,מקום לכולנו בראשות רולא דאוד ואלון לי-גרין,,0,0.1,,,,,,,,,,,
Survey4141.pdf,חדשות 12,2026-09-07,https://victorchina-ops.github.io/israel-election-simulator/sources/2026-09-14/Survey4141.pdf,,,503,False,"אילו הבחירות היו היום וכחול לבן והמילואימניקים-הכלכלית החדשה היו מתמודדות ברשימה אחת ויתר המפלגות ללא שינוי, לאיזו מפלגה היית מצביע?",4,ישראל תחילה – עלה ירוק בראשות שרן השכל,,0,0.0,,,,,,,,,,,
Survey4141.pdf,חדשות 12,2026-09-07,https://victorchina-ops.github.io/israel-election-simulator/sources/2026-09-14/Survey4141.pdf,,,503,False,"אילו הבחירות היו היום וכחול לבן והמילואימניקים-הכלכלית החדשה היו מתמודדות ברשימה אחת ויתר המפלגות ללא שינוי, לאיזו מפלגה היית מצביע?",4,מפלגות אחרות,,0,1.0,,,,,,,,,,,
Survey_4142.pdf,ערוץ עכשיו 14,2026-09-07,https://victorchina-ops.github.io/israel-election-simulator/sources/2026-09-14/Survey_4142.pdf,,,1057,False,כוונת הצבעה — תרחיש בסיס,2,הליכוד בראשות בנימין נתניהו,,30,23.2,,,,,,,,,,,
Survey_4142.pdf,ערוץ עכשיו 14,2026-09-07,https://victorchina-ops.github.io/israel-election-simulator/sources/2026-09-14/Survey_4142.pdf,,,1057,False,כוונת הצבעה — תרחיש בסיס,2,ישר בראשות גדי איזנקוט,,22,17.0,,,,,,,,,,,
Survey_4142.pdf,ערוץ עכשיו 14,2026-09-07,https://victorchina-ops.github.io/israel-election-simulator/sources/2026-09-14/Survey_4142.pdf,,,1057,False,כוונת הצבעה — תרחיש בסיס,2,הדמוקרטים בראשות יאיר גולן,,10,8.5,,,,,,,,,,,
Survey_4142.pdf,ערוץ עכשיו 14,2026-09-07,https://victorchina-ops.github.io/israel-election-simulator/sources/2026-09-14/Survey_4142.pdf,,,1057,False,כוונת הצבעה — תרחיש בסיס,2,"ש""ס בראשות אריה דרעי",,10,7.9,,,,,,,,,,,
Survey_4142.pdf,ערוץ עכשיו 14,2026-09-07,https://victorchina-ops.github.io/israel-election-simulator/sources/2026-09-14/Survey_4142.pdf,,,1057,False,כוונת הצבעה — תרחיש בסיס,2,הציונות הדתית וזהות בראשות בצלאל סמוטריץ',,8,7.0,,,,,,,,,,,
Survey_4142.pdf,ערוץ עכשיו 14,2026-09-07,https://victorchina-ops.github.io/israel-election-simulator/sources/2026-09-14/Survey_4142.pdf,,,1057,False,כוונת הצבעה — תרחיש בסיס,2,"חד""ש-תע""ל-בל""ד בראשות יוסף ג'בארין",,8,6.4,,,,,,,,,,,
Survey_4142.pdf,ערוץ עכשיו 14,2026-09-07,https://victorchina-ops.github.io/israel-election-simulator/sources/2026-09-14/Survey_4142.pdf,,,1057,False,כוונת הצבעה — תרחיש בסיס,2,עוצמה יהודית בראשות איתמר בן גביר,,8,6.2,,,,,,,,,,,
Survey_4142.pdf,ערוץ עכשיו 14,2026-09-07,https://victorchina-ops.github.io/israel-election-simulator/sources/2026-09-14/Survey_4142.pdf,,,1057,False,כוונת הצבעה — תרחיש בסיס,2,יהדות התורה,,7,5.7,,,,,,,,,,,
Survey_4142.pdf,ערוץ עכשיו 14,2026-09-07,https://victorchina-ops.github.io/israel-election-simulator/sources/2026-09-14/Survey_4142.pdf,,,1057,False,כוונת הצבעה — תרחיש בסיס,2,יחד בראשות נפתלי בנט,,6,5.2,,,,,,,,,,,
Survey_4142.pdf,ערוץ עכשיו 14,2026-09-07,https://victorchina-ops.github.io/israel-election-simulator/sources/2026-09-14/Survey_4142.pdf,,,1057,False,כוונת הצבעה — תרחיש בסיס,2,ישראל ביתנו בראשות אביגדור ליברמן,,6,5.0,,,,,,,,,,,
Survey_4142.pdf,ערוץ עכשיו 14,2026-09-07,https://victorchina-ops.github.io/israel-election-simulator/sources/2026-09-14/Survey_4142.pdf,,,1057,False,כוונת הצבעה — תרחיש בסיס,2,"רע""מ בראשות מנסור עבאס",,5,3.9,,,,,,,,,,,
Survey_4142.pdf,ערוץ עכשיו 14,2026-09-07,https://victorchina-ops.github.io/israel-election-simulator/sources/2026-09-14/Survey_4142.pdf,,,1057,False,כוונת הצבעה — תרחיש בסיס,2,עמך ישראל בראשות עופר וינטר,,0,3.0,,,,,,,,,,,
Survey_4142.pdf,ערוץ עכשיו 14,2026-09-07,https://victorchina-ops.github.io/israel-election-simulator/sources/2026-09-14/Survey_4142.pdf,,,1057,False,כוונת הצבעה — תרחיש בסיס,2,כחול לבן בראשות בני גנץ,,0,0.4,,,,,,,,,,,
Survey_4142.pdf,ערוץ עכשיו 14,2026-09-07,https://victorchina-ops.github.io/israel-election-simulator/sources/2026-09-14/Survey_4142.pdf,,,1057,False,כוונת הצבעה — תרחיש בסיס,2,הציבור החרדי בראשות מוטי לייטנר,,0,0.3,,,,,,,,,,,
Survey_4142.pdf,ערוץ עכשיו 14,2026-09-07,https://victorchina-ops.github.io/israel-election-simulator/sources/2026-09-14/Survey_4142.pdf,,,1057,False,כוונת הצבעה — תרחיש בסיס,2,נועם לישראל בראשות אבי מעוז,,0,0.2,,,,,,,,,,,
Survey_4143.pdf,ערוץ עכשיו 14,2026-09-09,https://victorchina-ops.github.io/israel-election-simulator/sources/2026-09-14/Survey_4143.pdf,,,537,False,כוונת הצבעה — נתוני הדוח,2,הליכוד בראשות בנימין נתניהו,,31,24,,,,,,,,,,,
Survey_4143.pdf,ערוץ עכשיו 14,2026-09-09,https://victorchina-ops.github.io/israel-election-simulator/sources/2026-09-14/Survey_4143.pdf,,,537,False,כוונת הצבעה — נתוני הדוח,2,ישר בראשות גדי איזנקוט,,22,17,,,,,,,,,,,
Survey_4143.pdf,ערוץ עכשיו 14,2026-09-09,https://victorchina-ops.github.io/israel-election-simulator/sources/2026-09-14/Survey_4143.pdf,,,537,False,כוונת הצבעה — נתוני הדוח,2,"ש""ס בראשות אריה דרעי",,10,8,,,,,,,,,,,
Survey_4143.pdf,ערוץ עכשיו 14,2026-09-09,https://victorchina-ops.github.io/israel-election-simulator/sources/2026-09-14/Survey_4143.pdf,,,537,False,כוונת הצבעה — נתוני הדוח,2,הציונות הדתית בראשות בצלאל סמוטריץ' וזהות,,8,6,,,,,,,,,,,
Survey_4143.pdf,ערוץ עכשיו 14,2026-09-09,https://victorchina-ops.github.io/israel-election-simulator/sources/2026-09-14/Survey_4143.pdf,,,537,False,כוונת הצבעה — נתוני הדוח,2,הדמוקרטים בראשות יאיר גולן,,8,6,,,,,,,,,,,
Survey_4143.pdf,ערוץ עכשיו 14,2026-09-09,https://victorchina-ops.github.io/israel-election-simulator/sources/2026-09-14/Survey_4143.pdf,,,537,False,כוונת הצבעה — נתוני הדוח,2,עוצמה יהודית בראשות איתמר בן גביר,,8,6,,,,,,,,,,,
Survey_4143.pdf,ערוץ עכשיו 14,2026-09-09,https://victorchina-ops.github.io/israel-election-simulator/sources/2026-09-14/Survey_4143.pdf,,,537,False,כוונת הצבעה — נתוני הדוח,2,יהדות התורה,,7,5,,,,,,,,,,,
Survey_4143.pdf,ערוץ עכשיו 14,2026-09-09,https://victorchina-ops.github.io/israel-election-simulator/sources/2026-09-14/Survey_4143.pdf,,,537,False,כוונת הצבעה — נתוני הדוח,2,יחד בראשות נפתלי בנט,,7,5,,,,,,,,,,,
Survey_4143.pdf,ערוץ עכשיו 14,2026-09-09,https://victorchina-ops.github.io/israel-election-simulator/sources/2026-09-14/Survey_4143.pdf,,,537,False,כוונת הצבעה — נתוני הדוח,2,ישראל ביתנו בראשות אביגדור ליברמן,,7,5,,,,,,,,,,,
Survey_4143.pdf,ערוץ עכשיו 14,2026-09-09,https://victorchina-ops.github.io/israel-election-simulator/sources/2026-09-14/Survey_4143.pdf,,,537,False,כוונת הצבעה — נתוני הדוח,2,"רע""מ בראשות מנסור עבאס",,6,5,,,,,,,,,,,
Survey_4143.pdf,ערוץ עכשיו 14,2026-09-09,https://victorchina-ops.github.io/israel-election-simulator/sources/2026-09-14/Survey_4143.pdf,,,537,False,כוונת הצבעה — נתוני הדוח,2,"חד""ש-תע""ל-בל""ד",,6,5,,,,,,,,,,,
Survey_4143.pdf,ערוץ עכשיו 14,2026-09-09,https://victorchina-ops.github.io/israel-election-simulator/sources/2026-09-14/Survey_4143.pdf,,,537,False,כוונת הצבעה — נתוני הדוח,2,עמך ישראל בראשות עופר וינטר,,0,2.1,,,,,,,,,,,
Survey_4143.pdf,ערוץ עכשיו 14,2026-09-09,https://victorchina-ops.github.io/israel-election-simulator/sources/2026-09-14/Survey_4143.pdf,,,537,False,כוונת הצבעה — נתוני הדוח,2,המילואימניקים והכלכלית בראשות הנדל וזליכה,,0,1.6,,,,,,,,,,,
Survey_4143.pdf,ערוץ עכשיו 14,2026-09-09,https://victorchina-ops.github.io/israel-election-simulator/sources/2026-09-14/Survey_4143.pdf,,,537,False,כוונת הצבעה — נתוני הדוח,2,כחול לבן בראשות בני גנץ,,0,0.2,,,,,,,,,,,
Survey_4143.pdf,ערוץ עכשיו 14,2026-09-09,https://victorchina-ops.github.io/israel-election-simulator/sources/2026-09-14/Survey_4143.pdf,,,537,False,כוונת הצבעה — נתוני הדוח,2,הציבור החרדי,,0,0.1,,,,,,,,,,,
Survey_4143.pdf,ערוץ עכשיו 14,2026-09-09,https://victorchina-ops.github.io/israel-election-simulator/sources/2026-09-14/Survey_4143.pdf,,,537,False,כוונת הצבעה — נתוני הדוח,2,לא החליטו — מדווח בנפרד,,,3,,,,,,,,,,,
Survey_4144.pdf,מעריב,2026-09-10,https://victorchina-ops.github.io/israel-election-simulator/sources/2026-09-14/Survey_4144.pdf,,,601,False,כוונת הצבעה — נתוני הדוח,1,ישר! עם איזנקוט בראשות גדי איזנקוט,,25,18.8,,,,,,,,,,,
Survey_4144.pdf,מעריב,2026-09-10,https://victorchina-ops.github.io/israel-election-simulator/sources/2026-09-14/Survey_4144.pdf,,,601,False,כוונת הצבעה — נתוני הדוח,1,הליכוד בראשות בנימין נתניהו,,19,13.9,,,,,,,,,,,
Survey_4144.pdf,מעריב,2026-09-10,https://victorchina-ops.github.io/israel-election-simulator/sources/2026-09-14/Survey_4144.pdf,,,601,False,כוונת הצבעה — נתוני הדוח,1,ביחד - בראשות נפתלי בנט,,14,11.7,,,,,,,,,,,
Survey_4144.pdf,מעריב,2026-09-10,https://victorchina-ops.github.io/israel-election-simulator/sources/2026-09-14/Survey_4144.pdf,,,601,False,כוונת הצבעה — נתוני הדוח,1,הדמוקרטים בראשות יאיר גולן,,10,9.4,,,,,,,,,,,
Survey_4144.pdf,מעריב,2026-09-10,https://victorchina-ops.github.io/israel-election-simulator/sources/2026-09-14/Survey_4144.pdf,,,601,False,כוונת הצבעה — נתוני הדוח,1,ישראל ביתנו בראשות אביגדור ליברמן,,9,7,,,,,,,,,,,
Survey_4144.pdf,מעריב,2026-09-10,https://victorchina-ops.github.io/israel-election-simulator/sources/2026-09-14/Survey_4144.pdf,,,601,False,כוונת הצבעה — נתוני הדוח,1,עוצמה יהודית בראשות איתמר בן גביר,,8,6.2,,,,,,,,,,,
Survey_4144.pdf,מעריב,2026-09-10,https://victorchina-ops.github.io/israel-election-simulator/sources/2026-09-14/Survey_4144.pdf,,,601,False,כוונת הצבעה — נתוני הדוח,1,יהדות התורה בראשות יעקב אשר,,7,5,,,,,,,,,,,
Survey_4144.pdf,מעריב,2026-09-10,https://victorchina-ops.github.io/israel-election-simulator/sources/2026-09-14/Survey_4144.pdf,,,601,False,כוונת הצבעה — נתוני הדוח,1,שס בראשות אריה דרעי,,7,5.2,,,,,,,,,,,
Survey_4144.pdf,מעריב,2026-09-10,https://victorchina-ops.github.io/israel-election-simulator/sources/2026-09-14/Survey_4144.pdf,,,601,False,כוונת הצבעה — נתוני הדוח,1,רשימה ערבית משותפת של חדש תעל ובלד בראשות יוסף גאברין,,7,5.4,,,,,,,,,,,
Survey_4144.pdf,מעריב,2026-09-10,https://victorchina-ops.github.io/israel-election-simulator/sources/2026-09-14/Survey_4144.pdf,,,601,False,כוונת הצבעה — נתוני הדוח,1,רעמ בראשות דר מנסור עבאס,,5,4.5,,,,,,,,,,,
Survey_4144.pdf,מעריב,2026-09-10,https://victorchina-ops.github.io/israel-election-simulator/sources/2026-09-14/Survey_4144.pdf,,,601,False,כוונת הצבעה — נתוני הדוח,1,הציונות הדתית בראשות בצלאל סמוטריץ וזהות בראשות משה פייגלין,,5,4.3,,,,,,,,,,,
Survey_4144.pdf,מעריב,2026-09-10,https://victorchina-ops.github.io/israel-election-simulator/sources/2026-09-14/Survey_4144.pdf,,,601,False,כוונת הצבעה — נתוני הדוח,1,מפלגת עמך ישראל בראשות עופר וינטר,,4,3.4,,,,,,,,,,,
Survey_4144.pdf,מעריב,2026-09-10,https://victorchina-ops.github.io/israel-election-simulator/sources/2026-09-14/Survey_4144.pdf,,,601,False,כוונת הצבעה — נתוני הדוח,1,המילואימניקים והכלכלית בראשות הנדל וזליכה,,0,3,,,,,,,,,,,
Survey_4144.pdf,מעריב,2026-09-10,https://victorchina-ops.github.io/israel-election-simulator/sources/2026-09-14/Survey_4144.pdf,,,601,False,כוונת הצבעה — נתוני הדוח,1,כחול לבן בראשות בני גנץ,,0,1.1,,,,,,,,,,,
Survey_4144.pdf,מעריב,2026-09-10,https://victorchina-ops.github.io/israel-election-simulator/sources/2026-09-14/Survey_4144.pdf,,,601,False,כוונת הצבעה — נתוני הדוח,1,נעם לישראל,,0,0.7,,,,,,,,,,,
Survey_4144.pdf,מעריב,2026-09-10,https://victorchina-ops.github.io/israel-election-simulator/sources/2026-09-14/Survey_4144.pdf,,,601,False,כוונת הצבעה — נתוני הדוח,1,הציבור החרדי בראשות מוטי לייטנר,,0,0.4,,,,,,,,,,,
Survey_4145.pdf,חדשות 12,2026-09-09,https://victorchina-ops.github.io/israel-election-simulator/sources/2026-09-14/Survey_4145.pdf,,,504,False,כוונת הצבעה — נתוני הדוח,2,ישר! עם איזנקוט בראשות גדי איזנקוט,,25,19.4,,,,,,,,,,,
Survey_4145.pdf,חדשות 12,2026-09-09,https://victorchina-ops.github.io/israel-election-simulator/sources/2026-09-14/Survey_4145.pdf,,,504,False,כוונת הצבעה — נתוני הדוח,2,הליכוד בראשות בנימין נתניהו,,21,16.3,,,,,,,,,,,
Survey_4145.pdf,חדשות 12,2026-09-09,https://victorchina-ops.github.io/israel-election-simulator/sources/2026-09-14/Survey_4145.pdf,,,504,False,כוונת הצבעה — נתוני הדוח,2,ביחד בראשות נפתלי בנט,,13,9.2,,,,,,,,,,,
Survey_4145.pdf,חדשות 12,2026-09-09,https://victorchina-ops.github.io/israel-election-simulator/sources/2026-09-14/Survey_4145.pdf,,,504,False,כוונת הצבעה — נתוני הדוח,2,הדמוקרטים בראשות יאיר גולן,,10,8.5,,,,,,,,,,,
Survey_4145.pdf,חדשות 12,2026-09-09,https://victorchina-ops.github.io/israel-election-simulator/sources/2026-09-14/Survey_4145.pdf,,,504,False,כוונת הצבעה — נתוני הדוח,2,ישראל ביתנו בראשות אביגדור ליברמן,,9,7,,,,,,,,,,,
Survey_4145.pdf,חדשות 12,2026-09-09,https://victorchina-ops.github.io/israel-election-simulator/sources/2026-09-14/Survey_4145.pdf,,,504,False,כוונת הצבעה — נתוני הדוח,2,יהדות התורה בראשות יעקב אשר,,8,6.3,,,,,,,,,,,
Survey_4145.pdf,חדשות 12,2026-09-09,https://victorchina-ops.github.io/israel-election-simulator/sources/2026-09-14/Survey_4145.pdf,,,504,False,כוונת הצבעה — נתוני הדוח,2,"ש""ס בראשות אריה דרעי",,7,5.4,,,,,,,,,,,
Survey_4145.pdf,חדשות 12,2026-09-09,https://victorchina-ops.github.io/israel-election-simulator/sources/2026-09-14/Survey_4145.pdf,,,504,False,כוונת הצבעה — נתוני הדוח,2,"הרשימה המשותפת (חד""ש, תע""ל, בל""ד) בראשות יוסף ג'בארין",,7,5.3,,,,,,,,,,,
Survey_4145.pdf,חדשות 12,2026-09-09,https://victorchina-ops.github.io/israel-election-simulator/sources/2026-09-14/Survey_4145.pdf,,,504,False,כוונת הצבעה — נתוני הדוח,2,עוצמה יהודית בראשות איתמר בן גביר,,6,4.6,,,,,,,,,,,
Survey_4145.pdf,חדשות 12,2026-09-09,https://victorchina-ops.github.io/israel-election-simulator/sources/2026-09-14/Survey_4145.pdf,,,504,False,כוונת הצבעה — נתוני הדוח,2,הציונות הדתית - זהות בראשות בצלאל סמוטריץ' ומשה פייגלין,,5,4.4,,,,,,,,,,,
Survey_4145.pdf,חדשות 12,2026-09-09,https://victorchina-ops.github.io/israel-election-simulator/sources/2026-09-14/Survey_4145.pdf,,,504,False,כוונת הצבעה — נתוני הדוח,2,עמך ישראל בראשות עופר וינטר,,5,3.9,,,,,,,,,,,
Survey_4145.pdf,חדשות 12,2026-09-09,https://victorchina-ops.github.io/israel-election-simulator/sources/2026-09-14/Survey_4145.pdf,,,504,False,כוונת הצבעה — נתוני הדוח,2,"הרשימה הערבית המאוחדת - רע""ם בראשות מנסור עבאס ויואב סגלוביץ'",,4,3.3,,,,,,,,,,,
Survey_4145.pdf,חדשות 12,2026-09-09,https://victorchina-ops.github.io/israel-election-simulator/sources/2026-09-14/Survey_4145.pdf,,,504,False,כוונת הצבעה — נתוני הדוח,2,המילואימניקים והכלכלית בראשות יועד הנדל וירון זליכה,,0,2.9,,,,,,,,,,,
Survey_4145.pdf,חדשות 12,2026-09-09,https://victorchina-ops.github.io/israel-election-simulator/sources/2026-09-14/Survey_4145.pdf,,,504,False,כוונת הצבעה — נתוני הדוח,2,כחול לבן בראשות בני גנץ,,0,1.4,,,,,,,,,,,
Survey_4145.pdf,חדשות 12,2026-09-09,https://victorchina-ops.github.io/israel-election-simulator/sources/2026-09-14/Survey_4145.pdf,,,504,False,כוונת הצבעה — נתוני הדוח,2,הציבור החרדי בראשות מוטי לייטנר,,0,1,,,,,,,,,,,
Survey_4145.pdf,חדשות 12,2026-09-09,https://victorchina-ops.github.io/israel-election-simulator/sources/2026-09-14/Survey_4145.pdf,,,504,False,כוונת הצבעה — נתוני הדוח,2,ישראל תחילה - עלה ירוק בראשות שרן השכל,,0,0.3,,,,,,,,,,,
Survey_4145.pdf,חדשות 12,2026-09-09,https://victorchina-ops.github.io/israel-election-simulator/sources/2026-09-14/Survey_4145.pdf,,,504,False,כוונת הצבעה — נתוני הדוח,2,נעם לישראל בראשות אבי מעוז,,0,0.2,,,,,,,,,,,
Survey_4145.pdf,חדשות 12,2026-09-09,https://victorchina-ops.github.io/israel-election-simulator/sources/2026-09-14/Survey_4145.pdf,,,504,False,כוונת הצבעה — נתוני הדוח,2,הקהל בראשות שלמה אלבוים,,0,0.1,,,,,,,,,,,
Survey_4145.pdf,חדשות 12,2026-09-09,https://victorchina-ops.github.io/israel-election-simulator/sources/2026-09-14/Survey_4145.pdf,,,504,False,כוונת הצבעה — נתוני הדוח,2,מפלגות אחרות,,,0.5,,,,,,,,,,,
Survey_4145.pdf,חדשות 12,2026-09-09,https://victorchina-ops.github.io/israel-election-simulator/sources/2026-09-14/Survey_4145.pdf,,,504,False,כוונת הצבעה — נתוני הדוח,2,לא החליטו — מדווח בנפרד,,,10.2,,,,,,,,,,,
